id,type,source,target,date,weight
0,Directed,김세민,민심언,1453-10-30 00:00:00,1
1,Directed,사관,박하,1453-11-17 00:00:00,1
2,Directed,이계전,최항,1453-11-11 00:00:00,1
3,Directed,박중림,태조,1453-10-14 00:00:00,1
4,Directed,단종,홍순손,1453-11-19 00:00:00,2
5,Directed,이승윤,이승로,1453-10-05 00:00:00,1
6,Directed,김황,정척,1453-10-05 00:00:00,1
7,Directed,정자제,박하,1453-10-10 00:00:00,1
8,Directed,단종,의정부,1453-11-06 00:00:00,7
9,Directed,단종,권자신,1453-11-18 00:00:00,2
10,Directed,안평 대군,조충손,1453-11-25 00:00:00,1
11,Directed,의금부,조극관,1453-11-13 00:00:00,1
12,Directed,조번,이현로,1453-10-05 00:00:00,1
13,Directed,이개,안완경,1453-11-28 00:00:00,1
14,Directed,단종,이세문,1453-11-11 00:00:00,1
15,Directed,한확,세조,1453-11-27 00:00:00,2
16,Directed,세조,최항,1453-11-14 00:00:00,2
17,Directed,사관,최양선,1453-11-24 00:00:00,1
18,Directed,이승손,윤탁,1453-10-05 00:00:00,1
19,Directed,이승윤,이의산,1453-10-05 00:00:00,1
20,Directed,권남,유수,1453-10-30 00:00:00,1
21,Directed,박하,강희안,1453-10-10 00:00:00,1
22,Directed,단종,승정원,1453-10-28 00:00:00,4
23,Directed,단종,안초,1453-10-26 00:00:00,1
24,Directed,권준,이계린,1453-11-15 00:00:00,1
25,Directed,조번,김영전,1453-10-05 00:00:00,1
26,Directed,세조,이명민,1453-11-10 00:00:00,3
27,Directed,이선문,이징옥,1453-11-25 00:00:00,3
28,Directed,홍승,홍적,1453-11-07 00:00:00,1
29,Directed,유쟁,김승규,1453-11-13 00:00:00,1
30,Directed,김종순,각돈,1453-10-30 00:00:00,1
31,Directed,최항,권자신,1453-11-11 00:00:00,1
32,Directed,한확,안평 대군,1453-11-17 00:00:00,4
33,Directed,의정부,강곤,1453-11-18 00:00:00,1
34,Directed,승정원,단종,1453-10-16 00:00:00,2
35,Directed,단종,한서구,1453-11-15 00:00:00,1
36,Directed,권준,정효강,1453-11-13 00:00:00,1
37,Directed,이언,김문기,1453-11-24 00:00:00,1
38,Directed,단종,박원형,1453-11-18 00:00:00,2
39,Directed,세조,안평 대군,1453-11-10 00:00:00,8
40,Directed,단종,박호문,1453-11-26 00:00:00,1
41,Directed,민발,세조,1453-11-10 00:00:00,1
42,Directed,단종,이언,1453-11-22 00:00:00,1
43,Directed,문득겸,단종,1453-11-08 00:00:00,1
44,Directed,신자준,신개,1453-11-02 00:00:00,1
45,Directed,김문기,최항,1453-11-13 00:00:00,1
46,Directed,이계린,정인지,1453-11-25 00:00:00,1
47,Directed,신숙주,정인지,1453-11-25 00:00:00,1
48,Directed,김구경,김정,1453-10-05 00:00:00,1
49,Directed,최항,박중손,1453-11-25 00:00:00,1
50,Directed,권징,강폭,1453-10-20 00:00:00,1
51,Directed,김종순,박건순,1453-11-27 00:00:00,2
52,Directed,세조,천로,1453-11-14 00:00:00,1
53,Directed,이계린,이계전,1453-11-27 00:00:00,1
54,Directed,허후,정인지,1453-11-11 00:00:00,1
55,Directed,세조,최항,1453-11-10 00:00:00,2
56,Directed,의정부,최항,1453-11-18 00:00:00,1
57,Directed,이계린,이사철,1453-11-25 00:00:00,1
58,Directed,한명회,양정,1453-10-26 00:00:00,1
59,Directed,의정부,태조,1453-11-18 00:00:00,1
60,Directed,박하,조완규,1453-10-10 00:00:00,1
61,Directed,김종서,박중손,1453-10-02 00:00:00,1
62,Directed,허후,한확,1453-11-11 00:00:00,1
63,Directed,단종,유수,1453-11-15 00:00:00,1
64,Directed,안평 대군,허후,1453-11-25 00:00:00,1
65,Directed,단종,홍윤성,1453-11-15 00:00:00,1
66,Directed,정양,황보인,1453-11-12 00:00:00,1
67,Directed,조완규,안평 대군,1453-11-17 00:00:00,1
68,Directed,의금부,이의정,1453-11-28 00:00:00,1
69,Directed,허후,안평 대군,1453-11-25 00:00:00,1
70,Directed,이의산,조번,1453-10-05 00:00:00,1
71,Directed,최항,박팽년,1453-11-16 00:00:00,2
72,Directed,단종,박중손,1453-10-26 00:00:00,2
73,Directed,성득식,성녕 부인,1453-11-18 00:00:00,1
74,Directed,임숙,신돈,1453-11-05 00:00:00,1
75,Directed,이징옥,박호문,1453-11-27 00:00:00,2
76,Directed,조수량,안평 대군,1453-11-25 00:00:00,1
77,Directed,이계린,이숙묘,1453-11-15 00:00:00,1
78,Directed,김영원,조완규,1453-10-05 00:00:00,1
79,Directed,이번,이효경,1453-10-28 00:00:00,1
80,Directed,이언,단종,1453-11-24 00:00:00,5
81,Directed,안평 대군,홍옥봉,1453-11-07 00:00:00,1
82,Directed,최항,기건,1453-11-25 00:00:00,1
83,Directed,단종,안평 대군,1453-11-18 00:00:00,4
84,Directed,김종서,안평 대군,1453-10-26 00:00:00,1
85,Directed,김길통,정식,1453-11-11 00:00:00,1
86,Directed,공기,안평 대군,1453-11-19 00:00:00,3
87,Directed,민건,임중경,1453-10-30 00:00:00,1
88,Directed,단종,박쟁,1453-11-15 00:00:00,1
89,Directed,단종,안완경,1453-11-11 00:00:00,1
90,Directed,강희안,조완규,1453-10-10 00:00:00,1
91,Directed,정양,태조,1453-11-03 00:00:00,1
92,Directed,김윤부,김종서,1453-11-15 00:00:00,1
93,Directed,이승윤,김영전,1453-10-05 00:00:00,1
94,Directed,김종서,황보인,1453-11-25 00:00:00,4
95,Directed,한확,이계린,1453-11-27 00:00:00,1
96,Directed,안평 대군,정자양,1453-10-10 00:00:00,1
97,Directed,조완규,정영통,1453-10-05 00:00:00,1
98,Directed,단종,이보인,1453-11-13 00:00:00,1
99,Directed,정식,정양,1453-11-11 00:00:00,1
100,Directed,한확,신숙주,1453-11-25 00:00:00,1
101,Directed,이예장,이사철,1453-10-26 00:00:00,1
102,Directed,성봉조,단종,1453-11-27 00:00:00,2
103,Directed,김승규,김종서,1453-11-10 00:00:00,1
104,Directed,의정부,유자황,1453-11-18 00:00:00,1
105,Directed,김용,단종,1453-11-18 00:00:00,3
106,Directed,세조,정분,1453-11-27 00:00:00,1
107,Directed,세조,단종,1453-11-17 00:00:00,6
108,Directed,단종,김조,1453-11-18 00:00:00,1
109,Directed,박하,이승로,1453-10-05 00:00:00,1
110,Directed,이계린,세조,1453-11-27 00:00:00,1
111,Directed,김황,윤탁,1453-10-05 00:00:00,1
112,Directed,강미수,정식,1453-11-11 00:00:00,1
113,Directed,정인지,단종,1453-11-14 00:00:00,2
114,Directed,단종,안지,1453-11-17 00:00:00,1
115,Directed,유형,세조,1453-11-10 00:00:00,1
116,Directed,최항,이계전,1453-11-25 00:00:00,1
117,Directed,세조,이흥상,1453-11-10 00:00:00,1
118,Directed,단종,각돈,1453-10-30 00:00:00,1
119,Directed,김종서,이명민,1453-10-14 00:00:00,1
120,Directed,이계전,이계린,1453-11-25 00:00:00,1
121,Directed,이승손,김성원,1453-10-05 00:00:00,1
122,Directed,사간원,이맹종,1453-11-15 00:00:00,1
123,Directed,안초,이양,1453-11-03 00:00:00,1
124,Directed,강미수,김길통,1453-11-11 00:00:00,1
125,Directed,김부필,김문현,1453-11-18 00:00:00,1
126,Directed,이몽가,권남,1453-10-10 00:00:00,1
127,Directed,사간원,단종,1453-11-06 00:00:00,1
128,Directed,이경유,황보인,1453-11-25 00:00:00,1
129,Directed,단종,이승손,1453-11-13 00:00:00,1
130,Directed,이승로,김영전,1453-10-05 00:00:00,1
131,Directed,이현로,안완경,1453-10-10 00:00:00,1
132,Directed,김정,윤탁,1453-10-05 00:00:00,1
133,Directed,최윤덕,무,1453-10-25 00:00:00,1
134,Directed,정인지,최항,1453-11-10 00:00:00,1
135,Directed,세종,세조,1453-10-26 00:00:00,1
136,Directed,이세문,김종순,1453-11-11 00:00:00,1
137,Directed,권남,한서구,1453-11-10 00:00:00,1
138,Directed,의정부,유수,1453-11-18 00:00:00,1
139,Directed,안중후,김부필,1453-11-05 00:00:00,1
140,Directed,곽연성,세조,1453-11-10 00:00:00,2
141,Directed,한확,병조,1453-11-25 00:00:00,1
142,Directed,세종,최양선,1453-11-23 00:00:00,1
143,Directed,단종,김종순,1453-11-27 00:00:00,2
144,Directed,단종,박원형,1453-11-26 00:00:00,2
145,Directed,단종,의정부,1453-11-07 00:00:00,8
146,Directed,세조,도원군,1453-11-13 00:00:00,1
147,Directed,안평 대군,황보인,1453-11-25 00:00:00,2
148,Directed,세조,문종,1453-11-16 00:00:00,3
149,Directed,이의산,조완규,1453-10-05 00:00:00,1
150,Directed,한명회,홍달손,1453-10-26 00:00:00,1
151,Directed,신의경,신자교,1453-10-20 00:00:00,1
152,Directed,박중림,이세문,1453-11-11 00:00:00,1
153,Directed,의정부,권경,1453-11-18 00:00:00,1
154,Directed,신숙주,최항,1453-11-25 00:00:00,1
155,Directed,김영원,이현로,1453-10-05 00:00:00,1
156,Directed,나홍서,단종,1453-11-20 00:00:00,4
157,Directed,조번,이승로,1453-10-05 00:00:00,1
158,Directed,이계전,신숙주,1453-11-25 00:00:00,1
159,Directed,정자제,조완규,1453-10-10 00:00:00,1
160,Directed,세조,조번,1453-11-10 00:00:00,3
161,Directed,김길통,정분,1453-11-11 00:00:00,1
162,Directed,최항,이계전,1453-11-11 00:00:00,1
163,Directed,세조,세종,1453-11-10 00:00:00,2
164,Directed,단종,나홍서,1453-11-22 00:00:00,3
165,Directed,단종,박중손,1453-10-02 00:00:00,1
166,Directed,김신행,이승손,1453-11-11 00:00:00,1
167,Directed,단종,김종순,1453-10-19 00:00:00,1
168,Directed,정인지,세조,1453-11-27 00:00:00,2
169,Directed,김문기,임중경,1453-11-12 00:00:00,1
170,Directed,이계전,박중손,1453-11-11 00:00:00,1
171,Directed,김길통,최효남,1453-11-11 00:00:00,1
172,Directed,권준,안평 대군,1453-11-17 00:00:00,3
173,Directed,최항,박철손,1453-11-25 00:00:00,1
174,Directed,단종,민신,1453-11-11 00:00:00,1
175,Directed,이승윤,안평 대군,1453-10-05 00:00:00,2
176,Directed,이징옥,이행검,1453-11-27 00:00:00,1
177,Directed,이사철,이계린,1453-11-27 00:00:00,1
178,Directed,권남,유하,1453-10-26 00:00:00,1
179,Directed,김종서,김승벽,1453-11-16 00:00:00,3
180,Directed,단종,박건순,1453-10-14 00:00:00,1
181,Directed,황효원,이징옥,1453-11-25 00:00:00,1
182,Directed,조정서,단종,1453-11-07 00:00:00,2
183,Directed,김종서,황보인,1453-11-10 00:00:00,3
184,Directed,권징,정윤화,1453-10-20 00:00:00,1
185,Directed,박중손,이계린,1453-11-25 00:00:00,1
186,Directed,사관,황보인,1453-10-25 00:00:00,2
187,Directed,조수량,혜빈,1453-11-10 00:00:00,1
188,Directed,공기,이우직,1453-11-19 00:00:00,1
189,Directed,권제,강폭,1453-10-20 00:00:00,1
190,Directed,단종,신의경,1453-10-20 00:00:00,1
191,Directed,단종,봉석주,1453-11-15 00:00:00,1
192,Directed,신숙주,성봉조,1453-11-25 00:00:00,1
193,Directed,단종,이의산,1453-11-13 00:00:00,1
194,Directed,김용,김부필,1453-11-18 00:00:00,1
195,Directed,한확,단종,1453-11-11 00:00:00,1
196,Directed,강미수,단종,1453-11-11 00:00:00,1
197,Directed,세조,이양,1453-11-27 00:00:00,1
198,Directed,이언,황보인,1453-11-27 00:00:00,1
199,Directed,세조,영기,1453-11-14 00:00:00,1
200,Directed,정양,황보인,1453-11-11 00:00:00,1
201,Directed,박건,박중손,1453-10-27 00:00:00,1
202,Directed,사관,조완규,1453-11-17 00:00:00,1
203,Directed,정인지,단종,1453-11-28 00:00:00,10
204,Directed,박중손,성봉조,1453-11-25 00:00:00,1
205,Directed,이사철,단종,1453-11-18 00:00:00,2
206,Directed,정양,이방간,1453-11-11 00:00:00,1
207,Directed,단종,승정원,1453-10-16 00:00:00,2
208,Directed,조완규,이승윤,1453-10-05 00:00:00,1
209,Directed,최항,단종,1453-11-16 00:00:00,1
210,Directed,이몽가,박하,1453-10-10 00:00:00,1
211,Directed,이개,이보인,1453-11-28 00:00:00,1
212,Directed,단종,이견기,1453-11-18 00:00:00,1
213,Directed,단종,의정부,1453-10-16 00:00:00,1
214,Directed,홍구성,홍적,1453-11-07 00:00:00,1
215,Directed,이계린,병조,1453-11-25 00:00:00,1
216,Directed,사관,조순생,1453-11-17 00:00:00,1
217,Directed,세조,정대평,1453-11-14 00:00:00,1
218,Directed,단종,한숭,1453-11-13 00:00:00,2
219,Directed,조번,조완규,1453-10-05 00:00:00,1
220,Directed,이사철,정인지,1453-11-27 00:00:00,3
221,Directed,세조,김호심파,1453-11-27 00:00:00,1
222,Directed,단종,신자승,1453-10-14 00:00:00,1
223,Directed,이의산,김영원,1453-10-05 00:00:00,1
224,Directed,임어을운,김종서,1453-11-10 00:00:00,1
225,Directed,단종,이교연,1453-11-15 00:00:00,1
226,Directed,남윤,남지,1453-11-02 00:00:00,1
227,Directed,세조,의금부,1453-11-14 00:00:00,1
228,Directed,최윤덕,주,1453-10-25 00:00:00,1
229,Directed,이현로,이의산,1453-10-10 00:00:00,2
230,Directed,조번,김영원,1453-10-05 00:00:00,1
231,Directed,사헌부,김제남,1453-10-21 00:00:00,1
232,Directed,이현로,정자제,1453-10-10 00:00:00,1
233,Directed,이계린,정효손,1453-11-20 00:00:00,1
234,Directed,황보인,김종서,1453-10-25 00:00:00,1
235,Directed,김종서,박금손,1453-10-14 00:00:00,1
236,Directed,의정부,이예장,1453-11-18 00:00:00,1
237,Directed,한확,박종우,1453-11-11 00:00:00,1
238,Directed,단종,세조,1453-11-10 00:00:00,5
239,Directed,단종,최항,1453-11-11 00:00:00,1
240,Directed,세조,문종,1453-10-26 00:00:00,1
241,Directed,단종,김윤부,1453-11-11 00:00:00,1
242,Directed,박중손,최항,1453-11-11 00:00:00,1
243,Directed,이예장,단종,1453-10-26 00:00:00,1
244,Directed,이징옥,동속로첩목아,1453-11-25 00:00:00,1
245,Directed,단종,세조,1453-11-26 00:00:00,19
246,Directed,정효전,김효성,1453-11-12 00:00:00,1
247,Directed,안초,김종서,1453-11-03 00:00:00,1
248,Directed,정분,이현로,1453-11-10 00:00:00,1
249,Directed,임숙,김문현,1453-11-05 00:00:00,1
250,Directed,세조,우미,1453-11-14 00:00:00,1
251,Directed,사간원,관숙,1453-11-17 00:00:00,2
252,Directed,이의산,이현로,1453-10-05 00:00:00,1
253,Directed,최항,박원형,1453-11-11 00:00:00,1
254,Directed,권제,정윤화,1453-10-20 00:00:00,1
255,Directed,이노,김승벽,1453-11-16 00:00:00,1
256,Directed,단종,순,1453-11-17 00:00:00,1
257,Directed,의정부,홍윤성,1453-11-18 00:00:00,1
258,Directed,김문기,이징옥,1453-11-13 00:00:00,1
259,Directed,신숙주,병조,1453-11-25 00:00:00,1
260,Directed,이계전,최항,1453-11-25 00:00:00,1
261,Directed,박팽년,세조,1453-11-11 00:00:00,1
262,Directed,정인지,공자,1453-11-17 00:00:00,1
263,Directed,권제,신의경,1453-10-20 00:00:00,1
264,Directed,안평 대군,김연,1453-11-25 00:00:00,1
265,Directed,설,김한,1453-10-28 00:00:00,1
266,Directed,단종,조수량,1453-11-13 00:00:00,2
267,Directed,정척,윤탁,1453-10-05 00:00:00,1
268,Directed,박종우,민형,1453-10-30 00:00:00,1
269,Directed,승정원,함우치,1453-11-07 00:00:00,1
270,Directed,조수량,조극관,1453-11-10 00:00:00,2
271,Directed,신자교,단종,1453-10-20 00:00:00,1
272,Directed,사관,이교연,1453-11-15 00:00:00,1
273,Directed,단종,이언,1453-10-14 00:00:00,1
274,Directed,임원준,이현로,1453-10-05 00:00:00,1
275,Directed,단종,유응부,1453-11-15 00:00:00,1
276,Directed,세조,박호문,1453-11-27 00:00:00,2
277,Directed,사관,김종서,1453-10-06 00:00:00,1
278,Directed,유하,유수,1453-10-30 00:00:00,1
279,Directed,허후,황보인,1453-11-25 00:00:00,2
280,Directed,황효원,단종,1453-11-17 00:00:00,1
281,Directed,강미수,정양,1453-11-11 00:00:00,1
282,Directed,단종,정포,1453-11-28 00:00:00,2
283,Directed,박건,박미,1453-10-27 00:00:00,1
284,Directed,이예장,구신충,1453-10-23 00:00:00,1
285,Directed,이효경,설,1453-10-28 00:00:00,1
286,Directed,허후,세조,1453-11-11 00:00:00,1
287,Directed,단종,이예장,1453-11-15 00:00:00,1
288,Directed,안초,이견기,1453-11-03 00:00:00,1
289,Directed,단종,민신,1453-11-13 00:00:00,1
290,Directed,황효원,단종,1453-11-27 00:00:00,8
291,Directed,지화,세조,1453-11-14 00:00:00,1
292,Directed,김세민,박종우,1453-10-30 00:00:00,1
293,Directed,의정부,이몽가,1453-11-18 00:00:00,1
294,Directed,단종,이언,1453-11-27 00:00:00,2
295,Directed,권남,세조,1453-10-26 00:00:00,1
296,Directed,단종,허후,1453-11-13 00:00:00,1
297,Directed,이승윤,조번,1453-10-05 00:00:00,1
298,Directed,이계린,최항,1453-11-27 00:00:00,1
299,Directed,박종우,김세민,1453-10-30 00:00:00,1
300,Directed,이현로,안평 대군,1453-11-25 00:00:00,1
301,Directed,박종우,민충원,1453-10-30 00:00:00,1
302,Directed,이사철,최항,1453-11-14 00:00:00,1
303,Directed,단종,이계우,1453-11-24 00:00:00,1
304,Directed,이사철,박중손,1453-11-27 00:00:00,1
305,Directed,김종서,유성원,1453-11-25 00:00:00,1
306,Directed,의정부,임자번,1453-11-18 00:00:00,1
307,Directed,단종,정인지,1453-11-15 00:00:00,4
308,Directed,김용,임숙,1453-11-05 00:00:00,1
309,Directed,안평 대군,문종,1453-11-17 00:00:00,1
310,Directed,강희안,이현로,1453-11-10 00:00:00,1
311,Directed,세조,김취랑합,1453-11-27 00:00:00,1
312,Directed,정인지,이계전,1453-11-18 00:00:00,2
313,Directed,박중림,문종,1453-10-14 00:00:00,1
314,Directed,이승윤,조완규,1453-10-05 00:00:00,1
315,Directed,김문현,김부필,1453-11-05 00:00:00,1
316,Directed,이승윤,단종,1453-10-22 00:00:00,1
317,Directed,단종,조극관,1453-11-11 00:00:00,1
318,Directed,이번,황인헌,1453-10-28 00:00:00,1
319,Directed,단종,정분,1453-11-13 00:00:00,2
320,Directed,최항,정인지,1453-11-27 00:00:00,2
321,Directed,김황,김성원,1453-10-05 00:00:00,1
322,Directed,허조,이승손,1453-11-11 00:00:00,1
323,Directed,의정부,박중손,1453-11-18 00:00:00,1
324,Directed,이번,김문기,1453-11-12 00:00:00,2
325,Directed,황효원,안평 대군,1453-11-17 00:00:00,1
326,Directed,신숙주,한확,1453-11-25 00:00:00,1
327,Directed,이언,김종순,1453-11-27 00:00:00,1
328,Directed,박원형,박팽년,1453-11-16 00:00:00,2
329,Directed,의정부,성삼문,1453-11-18 00:00:00,1
330,Directed,세조,안평 대군,1453-11-25 00:00:00,4
331,Directed,단종,신숙주,1453-11-15 00:00:00,2
332,Directed,운성위,세조,1453-11-10 00:00:00,1
333,Directed,윤처공,안평 대군,1453-11-25 00:00:00,1
334,Directed,단종,유형,1453-11-13 00:00:00,1
335,Directed,신숙주,이계전,1453-11-25 00:00:00,1
336,Directed,임숙,신돈,1453-11-18 00:00:00,2
337,Directed,단종,의정부,1453-11-05 00:00:00,6
338,Directed,최효남,단종,1453-11-11 00:00:00,1
339,Directed,이승로,임원준,1453-10-05 00:00:00,1
340,Directed,황보인,이명민,1453-10-26 00:00:00,1
341,Directed,사헌부,김문기,1453-11-12 00:00:00,1
342,Directed,박종우,안평 대군,1453-11-16 00:00:00,1
343,Directed,단종,이개,1453-11-28 00:00:00,1
344,Directed,이계린,신숙주,1453-11-25 00:00:00,1
345,Directed,황효원,김종서,1453-11-27 00:00:00,1
346,Directed,노회신,이의산,1453-10-10 00:00:00,1
347,Directed,단종,윤필상,1453-10-20 00:00:00,1
348,Directed,박중손,단종,1453-11-05 00:00:00,5
349,Directed,신자형,신자승,1453-10-14 00:00:00,1
350,Directed,사헌부,단종,1453-11-12 00:00:00,3
351,Directed,최항,한확,1453-11-25 00:00:00,1
352,Directed,홍달손,양정,1453-10-30 00:00:00,1
353,Directed,단종,이영유,1453-10-30 00:00:00,1
354,Directed,박종우,조숙생,1453-11-01 00:00:00,1
355,Directed,이사철,이징옥,1453-11-25 00:00:00,1
356,Directed,단종,홍달손,1453-11-15 00:00:00,2
357,Directed,윤삼산,황보인,1453-10-14 00:00:00,1
358,Directed,단종,이징옥,1453-11-13 00:00:00,1
359,Directed,황효원,여호온,1453-11-17 00:00:00,1
360,Directed,세조,이사철,1453-11-10 00:00:00,1
361,Directed,단종,허추,1453-11-11 00:00:00,1
362,Directed,단종,박대손,1453-11-28 00:00:00,1
363,Directed,김영전,김영원,1453-10-05 00:00:00,1
364,Directed,이의산,조완규,1453-10-10 00:00:00,1
365,Directed,신숙주,기건,1453-11-25 00:00:00,1
366,Directed,단종,허추,1453-11-19 00:00:00,2
367,Directed,김계희,박중림,1453-11-11 00:00:00,1
368,Directed,황보인,최윤덕,1453-10-25 00:00:00,1
369,Directed,안평 대군,홍구성,1453-11-07 00:00:00,1
370,Directed,단종,이사철,1453-11-14 00:00:00,1
371,Directed,권자신,최항,1453-11-16 00:00:00,2
372,Directed,단종,이종목,1453-11-11 00:00:00,2
373,Directed,김부필,김문현,1453-11-05 00:00:00,1
374,Directed,정영통,이승로,1453-10-05 00:00:00,1
375,Directed,안평 대군,홍약,1453-11-07 00:00:00,1
376,Directed,권징,신자교,1453-10-20 00:00:00,1
377,Directed,단종,이언,1453-11-24 00:00:00,1
378,Directed,이의산,정영통,1453-10-05 00:00:00,1
379,Directed,황보인,단종,1453-10-28 00:00:00,1
380,Directed,박건순,김계희,1453-11-11 00:00:00,1
381,Directed,세조,최윤,1453-11-10 00:00:00,1
382,Directed,세조,당 태종,1453-11-17 00:00:00,1
383,Directed,이세문,단종,1453-11-11 00:00:00,1
384,Directed,김종서,김승벽,1453-11-12 00:00:00,2
385,Directed,조완규,김영전,1453-10-05 00:00:00,1
386,Directed,세조,김종서,1453-11-10 00:00:00,18
387,Directed,이의산,김영전,1453-10-05 00:00:00,1
388,Directed,의금부,한숭,1453-11-17 00:00:00,1
389,Directed,정양,세종,1453-11-03 00:00:00,1
390,Directed,박중손,이징옥,1453-11-25 00:00:00,1
391,Directed,단종,김처선,1453-11-13 00:00:00,1
392,Directed,한확,이징옥,1453-11-25 00:00:00,1
393,Directed,최양선,단종,1453-11-23 00:00:00,1
394,Directed,단종,이파,1453-11-17 00:00:00,1
395,Directed,공기,김문기,1453-11-19 00:00:00,2
396,Directed,박원형,박중손,1453-11-11 00:00:00,1
397,Directed,이징옥,이행검,1453-11-25 00:00:00,1
398,Directed,사간원,조수량,1453-11-15 00:00:00,1
399,Directed,단종,지정,1453-11-02 00:00:00,1
400,Directed,나홍서,이영유,1453-10-31 00:00:00,1
401,Directed,의금부,이명민,1453-11-28 00:00:00,1
402,Directed,세조,이사철,1453-11-14 00:00:00,1
403,Directed,곽연성,김종서,1453-11-10 00:00:00,1
404,Directed,이현로,박하,1453-10-10 00:00:00,2
405,Directed,정양,민신,1453-11-11 00:00:00,1
406,Directed,사간원,안평 대군,1453-11-17 00:00:00,2
407,Directed,이언,단종,1453-11-22 00:00:00,1
408,Directed,의정부,이계전,1453-11-18 00:00:00,1
409,Directed,이예장,단종,1453-11-12 00:00:00,3
410,Directed,박건순,김종서,1453-11-27 00:00:00,1
411,Directed,의정부,단종,1453-10-07 00:00:00,1
412,Directed,정종,문종,1453-11-19 00:00:00,1
413,Directed,김영전,임원준,1453-10-05 00:00:00,1
414,Directed,유서,양정,1453-11-10 00:00:00,1
415,Directed,안초,한확,1453-11-03 00:00:00,1
416,Directed,단종,박하,1453-11-13 00:00:00,1
417,Directed,조번,안평 대군,1453-10-26 00:00:00,2
418,Directed,박중손,한확,1453-11-25 00:00:00,1
419,Directed,세조,말생,1453-11-14 00:00:00,1
420,Directed,세조,이다롱합,1453-11-27 00:00:00,1
421,Directed,나홍서,김형손,1453-10-31 00:00:00,1
422,Directed,세조,박막동,1453-11-10 00:00:00,1
423,Directed,박중손,하위지,1453-10-31 00:00:00,1
424,Directed,양정,한명회,1453-10-30 00:00:00,1
425,Directed,사관,황보석,1453-11-02 00:00:00,1
426,Directed,의정부,엄자치,1453-11-18 00:00:00,1
427,Directed,최항,병조,1453-11-25 00:00:00,1
428,Directed,김계희,신자승,1453-10-14 00:00:00,1
429,Directed,정양,주공,1453-11-11 00:00:00,1
430,Directed,한확,이우직,1453-11-17 00:00:00,2
431,Directed,한명회,유수,1453-10-26 00:00:00,1
432,Directed,박원형,박팽년,1453-11-11 00:00:00,1
433,Directed,한확,박철손,1453-11-25 00:00:00,1
434,Directed,사헌부,이명민,1453-10-14 00:00:00,1
435,Directed,세조,민신,1453-11-10 00:00:00,1
436,Directed,박중손,이계전,1453-11-27 00:00:00,2
437,Directed,임숙,단종,1453-11-18 00:00:00,2
438,Directed,안평 대군,민신,1453-11-25 00:00:00,1
439,Directed,이승윤,이현로,1453-10-05 00:00:00,1
440,Directed,이현로,조번,1453-10-05 00:00:00,1
441,Directed,이예장,단종,1453-11-06 00:00:00,2
442,Directed,안초,민신,1453-11-03 00:00:00,1
443,Directed,단종,이팔동,1453-11-25 00:00:00,1
444,Directed,단종,정분,1453-10-30 00:00:00,1
445,Directed,의금부,단종,1453-11-16 00:00:00,4
446,Directed,박미,박중손,1453-10-27 00:00:00,1
447,Directed,이사철,이계전,1453-11-27 00:00:00,1
448,Directed,공기,이징옥,1453-11-19 00:00:00,1
449,Directed,성봉조,이징옥,1453-11-27 00:00:00,1
450,Directed,박중손,단종,1453-10-02 00:00:00,1
451,Directed,황효원,이사철,1453-11-19 00:00:00,1
452,Directed,이개,이석정,1453-11-28 00:00:00,1
453,Directed,박금손,김종서,1453-10-14 00:00:00,1
454,Directed,노숙동,단종,1453-10-02 00:00:00,1
455,Directed,세조,단종,1453-10-07 00:00:00,1
456,Directed,의금부,김종서,1453-11-13 00:00:00,1
457,Directed,김문기,권담,1453-10-28 00:00:00,1
458,Directed,한혜,한계순,1453-11-28 00:00:00,1
459,Directed,나홍서,성중식,1453-11-22 00:00:00,1
460,Directed,이의정,이명민,1453-11-28 00:00:00,1
461,Directed,정양,이양,1453-11-11 00:00:00,1
462,Directed,이번,임중경,1453-10-28 00:00:00,1
463,Directed,최항,이사철,1453-11-27 00:00:00,2
464,Directed,사간원,조순생,1453-11-15 00:00:00,1
465,Directed,이징옥,김죽,1453-11-25 00:00:00,1
466,Directed,단종,권준,1453-11-11 00:00:00,1
467,Directed,이승윤,김귀홍,1453-10-30 00:00:00,1
468,Directed,세조,이사철,1453-11-27 00:00:00,2
469,Directed,이몽가,이현로,1453-10-10 00:00:00,1
470,Directed,이경유,김종서,1453-11-25 00:00:00,1
471,Directed,박중손,박건,1453-10-27 00:00:00,1
472,Directed,권남,권경,1453-11-10 00:00:00,1
473,Directed,박팽년,이승손,1453-10-05 00:00:00,1
474,Directed,공기,이세문,1453-11-19 00:00:00,1
475,Directed,이계전,세조,1453-11-10 00:00:00,1
476,Directed,임원준,이승로,1453-10-05 00:00:00,1
477,Directed,단종,기질,1453-11-12 00:00:00,1
478,Directed,김영원,이의산,1453-10-05 00:00:00,1
479,Directed,박하,이의산,1453-10-05 00:00:00,1
480,Directed,단종,조충손,1453-11-13 00:00:00,1
481,Directed,황보인,이예장,1453-11-10 00:00:00,1
482,Directed,단종,정인지,1453-11-17 00:00:00,3
483,Directed,단종,박팽년,1453-11-18 00:00:00,2
484,Directed,단종,이계전,1453-11-11 00:00:00,1
485,Directed,단종,김승규,1453-11-13 00:00:00,1
486,Directed,이현로,이승윤,1453-10-05 00:00:00,1
487,Directed,민건,김세민,1453-10-30 00:00:00,1
488,Directed,박종우,세조,1453-11-11 00:00:00,1
489,Directed,세조,수산,1453-11-10 00:00:00,1
490,Directed,김종서,황보인,1453-10-14 00:00:00,1
491,Directed,정식,최효남,1453-11-11 00:00:00,1
492,Directed,의정부,권준,1453-11-18 00:00:00,1
493,Directed,박종우,민충원,1453-11-01 00:00:00,2
494,Directed,허추,단종,1453-11-19 00:00:00,3
495,Directed,세조,정인지,1453-11-11 00:00:00,1
496,Directed,이예장,단종,1453-11-13 00:00:00,4
497,Directed,박건순,황보인,1453-11-27 00:00:00,1
498,Directed,이몽가,조완규,1453-10-10 00:00:00,1
499,Directed,이계린,단종,1453-11-19 00:00:00,2
500,Directed,김승벽,김종서,1453-11-16 00:00:00,3
501,Directed,양정,홍달손,1453-10-30 00:00:00,1
502,Directed,유하,권남,1453-10-30 00:00:00,1
503,Directed,이징옥,박호문,1453-11-25 00:00:00,1
504,Directed,한확,관숙,1453-11-17 00:00:00,1
505,Directed,의정부,안평 대군,1453-11-16 00:00:00,1
506,Directed,이축,단종,1453-10-12 00:00:00,1
507,Directed,한명회,세조,1453-11-02 00:00:00,1
508,Directed,세조,이계린,1453-11-27 00:00:00,1
509,Directed,세조,윤처공,1453-11-10 00:00:00,3
510,Directed,단종,이순백,1453-11-18 00:00:00,1
511,Directed,정식,조수량,1453-11-11 00:00:00,1
512,Directed,신의경,권제,1453-10-20 00:00:00,1
513,Directed,세조,이징옥,1453-11-27 00:00:00,4
514,Directed,의금부,권맹손,1453-10-18 00:00:00,1
515,Directed,정인지,최항,1453-11-25 00:00:00,1
516,Directed,정양,세종,1453-11-11 00:00:00,2
517,Directed,이징옥,이팔동,1453-11-25 00:00:00,1
518,Directed,박중손,전균,1453-11-02 00:00:00,1
519,Directed,최항,세조,1453-11-27 00:00:00,3
520,Directed,김계희,단종,1453-11-28 00:00:00,2
521,Directed,세조,단종,1453-11-14 00:00:00,4
522,Directed,이맹종,이방간,1453-11-15 00:00:00,1
523,Directed,단종,이승손,1453-11-11 00:00:00,1
524,Directed,이예장,허후,1453-10-26 00:00:00,1
525,Directed,단종,육조,1453-11-16 00:00:00,1
526,Directed,이명민,단종,1453-10-28 00:00:00,1
527,Directed,이효경,이번,1453-10-28 00:00:00,1
528,Directed,단종,한남군,1453-11-05 00:00:00,1
529,Directed,세조,원구,1453-11-10 00:00:00,3
530,Directed,조번,임원준,1453-10-05 00:00:00,1
531,Directed,이계전,성봉조,1453-11-25 00:00:00,1
532,Directed,김용,이춘부,1453-11-05 00:00:00,1
533,Directed,이사철,한확,1453-11-14 00:00:00,3
534,Directed,민충원,민심언,1453-10-18 00:00:00,1
535,Directed,송취,이징옥,1453-11-11 00:00:00,1
536,Directed,한확,정인지,1453-11-14 00:00:00,5
537,Directed,사간원,단종,1453-11-15 00:00:00,2
538,Directed,이팔동,이징석,1453-11-27 00:00:00,1
539,Directed,단종,성승,1453-11-11 00:00:00,2
540,Directed,권남,안평 대군,1453-10-10 00:00:00,1
541,Directed,단종,한확,1453-11-14 00:00:00,2
542,Directed,의정부,김처의,1453-11-18 00:00:00,1
543,Directed,이계린,박철손,1453-11-25 00:00:00,1
544,Directed,의금부,민신,1453-11-13 00:00:00,1
545,Directed,민건,민심언,1453-10-30 00:00:00,1
546,Directed,사간원,성왕,1453-11-17 00:00:00,1
547,Directed,한확,허후,1453-11-11 00:00:00,1
548,Directed,김영전,조번,1453-10-05 00:00:00,1
549,Directed,권징,권제,1453-10-20 00:00:00,1
550,Directed,의금부,이석정,1453-11-17 00:00:00,1
551,Directed,문종,이승손,1453-11-11 00:00:00,1
552,Directed,단종,송취,1453-11-11 00:00:00,1
553,Directed,사관,김종서,1453-10-25 00:00:00,2
554,Directed,단종,한숭,1453-11-11 00:00:00,1
555,Directed,한명회,홍순손,1453-11-10 00:00:00,1
556,Directed,박중림,단종,1453-11-28 00:00:00,4
557,Directed,세조,김도을온,1453-11-27 00:00:00,1
558,Directed,단종,윤처공,1453-11-13 00:00:00,1
559,Directed,세조,최항,1453-11-27 00:00:00,3
560,Directed,이승로,조완규,1453-10-05 00:00:00,1
561,Directed,이개,지정,1453-11-28 00:00:00,1
562,Directed,이사철,이계린,1453-11-25 00:00:00,1
563,Directed,한확,이사철,1453-11-25 00:00:00,1
564,Directed,이징석,고요,1453-10-30 00:00:00,1
565,Directed,정인지,최항,1453-11-27 00:00:00,2
566,Directed,세조,몽동,1453-11-14 00:00:00,1
567,Directed,세조,정인지,1453-11-17 00:00:00,1
568,Directed,박중손,이계린,1453-11-27 00:00:00,1
569,Directed,의금부,이현로,1453-11-13 00:00:00,1
570,Directed,안중후,이춘부,1453-11-05 00:00:00,1
571,Directed,박팽년,신숙주,1453-11-16 00:00:00,1
572,Directed,단종,상,1453-11-17 00:00:00,1
573,Directed,세조,문종,1453-11-10 00:00:00,2
574,Directed,홍구성,홍승,1453-11-07 00:00:00,1
575,Directed,이사철,이계전,1453-11-25 00:00:00,1
576,Directed,이번,황보공,1453-10-28 00:00:00,1
577,Directed,이팔동,이징옥,1453-11-25 00:00:00,1
578,Directed,박중손,단종,1453-10-28 00:00:00,3
579,Directed,김승벽,이노,1453-11-16 00:00:00,1
580,Directed,단종,조극관,1453-11-13 00:00:00,1
581,Directed,의정부,단종,1453-11-16 00:00:00,4
582,Directed,이세문,안평 대군,1453-11-11 00:00:00,1
583,Directed,이승로,안평 대군,1453-10-05 00:00:00,2
584,Directed,정인지,세조,1453-11-11 00:00:00,1
585,Directed,단종,한명진,1453-11-15 00:00:00,1
586,Directed,윤필상,권제,1453-10-20 00:00:00,1
587,Directed,세조,거을,1453-11-14 00:00:00,1
588,Directed,의금부,황귀존,1453-11-17 00:00:00,1
589,Directed,나홍서,안평 대군,1453-11-20 00:00:00,2
590,Directed,세조,임어을운,1453-11-10 00:00:00,1
591,Directed,한계순,한혜,1453-11-28 00:00:00,1
592,Directed,박팽년,김성원,1453-10-05 00:00:00,1
593,Directed,최항,이사철,1453-11-25 00:00:00,1
594,Directed,단종,성승,1453-11-02 00:00:00,1
595,Directed,정분,이명민,1453-11-25 00:00:00,1
596,Directed,정양,강미수,1453-11-11 00:00:00,1
597,Directed,단종,박원형,1453-11-11 00:00:00,1
598,Directed,세조,이계전,1453-11-11 00:00:00,1
599,Directed,세조,한확,1453-11-14 00:00:00,1
600,Directed,이언,성득식,1453-11-22 00:00:00,1
601,Directed,세조,박중손,1453-11-11 00:00:00,1
602,Directed,세조,이유어응거,1453-11-27 00:00:00,1
603,Directed,단종,박팽년,1453-11-26 00:00:00,2
604,Directed,의금부,안평 대군,1453-11-21 00:00:00,1
605,Directed,의금부,황보인,1453-11-21 00:00:00,2
606,Directed,단종,박종우,1453-11-11 00:00:00,1
607,Directed,노회신,박하,1453-10-10 00:00:00,1
608,Directed,권자신,박원형,1453-11-16 00:00:00,2
609,Directed,의금부,윤경,1453-11-12 00:00:00,1
610,Directed,이양,안평 대군,1453-11-25 00:00:00,1
611,Directed,단종,박중손,1453-10-28 00:00:00,3
612,Directed,단종,세조,1453-10-26 00:00:00,1
613,Directed,조숙생,단종,1453-11-12 00:00:00,1
614,Directed,김종서,김연,1453-11-25 00:00:00,1
615,Directed,정양,관숙,1453-11-12 00:00:00,2
616,Directed,정양,안평 대군,1453-11-12 00:00:00,1
617,Directed,양정,김승규,1453-11-10 00:00:00,1
618,Directed,임숙,안중후,1453-11-05 00:00:00,1
619,Directed,함우치,단종,1453-11-05 00:00:00,1
620,Directed,세조,영응 대군,1453-11-10 00:00:00,1
621,Directed,신숙주,박팽년,1453-11-16 00:00:00,1
622,Directed,박하,김영원,1453-10-05 00:00:00,1
623,Directed,한명회,양정,1453-11-10 00:00:00,1
624,Directed,사간원,채숙,1453-11-17 00:00:00,2
625,Directed,한확,이사철,1453-11-27 00:00:00,3
626,Directed,김세민,민충원,1453-10-30 00:00:00,1
627,Directed,민보계,민신,1453-11-28 00:00:00,1
628,Directed,임숙,김부필,1453-11-05 00:00:00,1
629,Directed,홍원숙,황보인,1453-11-12 00:00:00,1
630,Directed,김용,김부필,1453-11-05 00:00:00,1
631,Directed,정인지,이우직,1453-11-18 00:00:00,1
632,Directed,세조,박호문,1453-11-25 00:00:00,1
633,Directed,단종,김종순,1453-10-30 00:00:00,1
634,Directed,김종서,김승규,1453-11-10 00:00:00,1
635,Directed,신의경,강폭,1453-10-20 00:00:00,1
636,Directed,안초,황보인,1453-11-03 00:00:00,2
637,Directed,단종,한확,1453-11-11 00:00:00,1
638,Directed,조정서,임중경,1453-10-27 00:00:00,1
639,Directed,안초,정척,1453-11-03 00:00:00,1
640,Directed,정분,안평 대군,1453-11-25 00:00:00,2
641,Directed,홍달손,유수,1453-10-26 00:00:00,1
642,Directed,세조,김승규,1453-11-10 00:00:00,1
643,Directed,권남,곽연성,1453-11-10 00:00:00,2
644,Directed,의정부,단종,1453-11-25 00:00:00,5
645,Directed,박종우,단종,1453-10-30 00:00:00,3
646,Directed,박팽년,권자신,1453-11-16 00:00:00,2
647,Directed,안중후,김부필,1453-11-18 00:00:00,1
648,Directed,단종,윤사로,1453-10-17 00:00:00,1
649,Directed,이사철,박중손,1453-11-25 00:00:00,1
650,Directed,승정원,단종,1453-10-07 00:00:00,1
651,Directed,단종,이징옥,1453-11-19 00:00:00,1
652,Directed,한확,단종,1453-11-14 00:00:00,2
653,Directed,이현로,안완경,1453-11-10 00:00:00,1
654,Directed,단종,박중손,1453-11-11 00:00:00,2
655,Directed,황효원,한확,1453-11-19 00:00:00,1
656,Directed,설,이효경,1453-10-28 00:00:00,1
657,Directed,김종서,황보인,1453-10-26 00:00:00,2
658,Directed,단종,세조,1453-11-17 00:00:00,7
659,Directed,이세문,김계희,1453-11-11 00:00:00,1
660,Directed,이징석,공자,1453-10-30 00:00:00,1
661,Directed,황희,이승손,1453-11-11 00:00:00,1
662,Directed,한확,이맹종,1453-11-17 00:00:00,1
663,Directed,안초,이인손,1453-11-03 00:00:00,1
664,Directed,세조,황귀존,1453-11-10 00:00:00,1
665,Directed,양정,유수,1453-10-26 00:00:00,1
666,Directed,한확,이계린,1453-11-25 00:00:00,1
667,Directed,박원형,권자신,1453-11-16 00:00:00,2
668,Directed,황효원,이징옥,1453-11-19 00:00:00,1
669,Directed,최효남,조수량,1453-11-11 00:00:00,1
670,Directed,황보인,조극관,1453-10-06 00:00:00,1
671,Directed,단종,최귀인,1453-11-05 00:00:00,1
672,Directed,김길통,단종,1453-11-11 00:00:00,1
673,Directed,김세민,권맹손,1453-10-30 00:00:00,1
674,Directed,권남,황보인,1453-11-02 00:00:00,1
675,Directed,세조,정인지,1453-11-14 00:00:00,1
676,Directed,정양,조극관,1453-11-11 00:00:00,1
677,Directed,나홍서,한확,1453-10-31 00:00:00,1
678,Directed,김문기,세조,1453-11-13 00:00:00,1
679,Directed,단종,황효원,1453-11-17 00:00:00,1
680,Directed,의금부,박하,1453-11-17 00:00:00,2
681,Directed,이승로,이승윤,1453-10-05 00:00:00,1
682,Directed,최항,정인지,1453-11-25 00:00:00,1
683,Directed,신자승,신자형,1453-10-14 00:00:00,1
684,Directed,최항,박원형,1453-11-16 00:00:00,2
685,Directed,윤봉,이인손,1453-10-22 00:00:00,1
686,Directed,성삼문,김문기,1453-11-17 00:00:00,1
687,Directed,홍달손,양정,1453-10-26 00:00:00,1
688,Directed,안자립,황보흠,1453-11-25 00:00:00,1
689,Directed,박중손,정인지,1453-11-27 00:00:00,1
690,Directed,최윤덕,평망고,1453-10-25 00:00:00,1
691,Directed,이승윤,단종,1453-11-05 00:00:00,1
692,Directed,단종,대정,1453-11-13 00:00:00,1
693,Directed,정양,단종,1453-11-03 00:00:00,1
694,Directed,안평 대군,대정,1453-11-10 00:00:00,1
695,Directed,정식,정분,1453-11-11 00:00:00,1
696,Directed,정종,단종,1453-11-19 00:00:00,1
697,Directed,사간원,이승윤,1453-11-06 00:00:00,1
698,Directed,황효원,김문기,1453-11-25 00:00:00,1
699,Directed,최항,이사철,1453-11-14 00:00:00,1
700,Directed,최항,박팽년,1453-11-11 00:00:00,1
701,Directed,권준,단종,1453-11-18 00:00:00,6
702,Directed,설,이군생,1453-10-28 00:00:00,1
703,Directed,단종,조정서,1453-11-08 00:00:00,3
704,Directed,안평 대군,이명민,1453-11-25 00:00:00,1
705,Directed,단종,세조,1453-11-18 00:00:00,9
706,Directed,의정부,안평 대군,1453-11-18 00:00:00,1
707,Directed,박이령,김종서,1453-11-11 00:00:00,1
708,Directed,이계전,정인지,1453-11-25 00:00:00,1
709,Directed,사간원,채숙,1453-11-15 00:00:00,1
710,Directed,의금부,김승규,1453-11-13 00:00:00,1
711,Directed,이예장,김문기,1453-11-13 00:00:00,1
712,Directed,박중손,박원형,1453-11-11 00:00:00,1
713,Directed,단종,박호문,1453-11-11 00:00:00,3
714,Directed,나홍서,단종,1453-11-14 00:00:00,2
715,Directed,단종,정효전,1453-11-12 00:00:00,1
716,Directed,정인지,안평 대군,1453-11-16 00:00:00,1
717,Directed,한확,정인지,1453-11-11 00:00:00,1
718,Directed,육조,안평 대군,1453-11-16 00:00:00,1
719,Directed,단종,의정부,1453-10-28 00:00:00,9
720,Directed,성녕 부인,안평 대군,1453-11-18 00:00:00,1
721,Directed,박중손,최항,1453-11-27 00:00:00,2
722,Directed,이징옥,이징석,1453-11-25 00:00:00,1
723,Directed,단종,전균,1453-11-15 00:00:00,1
724,Directed,의금부,한계순,1453-11-28 00:00:00,2
725,Directed,이계린,한확,1453-11-25 00:00:00,1
726,Directed,단종,김종순,1453-11-18 00:00:00,1
727,Directed,이양,김종서,1453-11-25 00:00:00,1
728,Directed,정양,관숙,1453-11-11 00:00:00,1
729,Directed,한명회,홍달손,1453-10-30 00:00:00,1
730,Directed,이우직,안평 대군,1453-11-10 00:00:00,2
731,Directed,이승로,정영통,1453-10-05 00:00:00,1
732,Directed,이개,김종서,1453-11-28 00:00:00,1
733,Directed,이의산,박하,1453-10-05 00:00:00,1
734,Directed,세조,단종,1453-11-10 00:00:00,2
735,Directed,의정부,송익손,1453-11-18 00:00:00,1
736,Directed,민신,이명민,1453-11-10 00:00:00,1
737,Directed,의정부,운성위,1453-11-18 00:00:00,1
738,Directed,의금부,이징옥,1453-11-17 00:00:00,1
739,Directed,사헌부,권제,1453-10-20 00:00:00,1
740,Directed,단종,이경유,1453-11-12 00:00:00,1
741,Directed,유하,홍달손,1453-10-30 00:00:00,1
742,Directed,단종,정창손,1453-11-11 00:00:00,2
743,Directed,박종우,단종,1453-11-11 00:00:00,3
744,Directed,정양,단종,1453-11-11 00:00:00,2
745,Directed,정종,안평 대군,1453-11-19 00:00:00,1
746,Directed,이세문,박건순,1453-11-11 00:00:00,1
747,Directed,권준,황보인,1453-11-12 00:00:00,1
748,Directed,박중손,정인지,1453-11-25 00:00:00,1
749,Directed,권준,이우직,1453-11-17 00:00:00,3
750,Directed,정식,안평 대군,1453-11-11 00:00:00,1
751,Directed,박중손,최귀인,1453-11-05 00:00:00,1
752,Directed,단종,김효성,1453-11-15 00:00:00,3
753,Directed,정영통,조번,1453-10-05 00:00:00,1
754,Directed,단종,기건,1453-11-11 00:00:00,1
755,Directed,민건,민충원,1453-10-30 00:00:00,1
756,Directed,박건순,김종순,1453-11-11 00:00:00,1
757,Directed,신자교,권징,1453-10-20 00:00:00,1
758,Directed,황보인,황보석,1453-11-02 00:00:00,1
759,Directed,나홍서,성녕 부인,1453-11-19 00:00:00,1
760,Directed,권준,단종,1453-11-17 00:00:00,9
761,Directed,의금부,황보인,1453-11-13 00:00:00,1
762,Directed,신자교,강폭,1453-10-20 00:00:00,1
763,Directed,세조,이계전,1453-11-10 00:00:00,3
764,Directed,단종,신자교,1453-10-20 00:00:00,1
765,Directed,세조,송석손,1453-11-10 00:00:00,1
766,Directed,의정부,안경손,1453-11-18 00:00:00,1
767,Directed,사간원,허후,1453-11-15 00:00:00,1
768,Directed,이계전,이사철,1453-11-27 00:00:00,1
769,Directed,양정,유서,1453-11-10 00:00:00,1
770,Directed,김조,단종,1453-11-16 00:00:00,1
771,Directed,이징규,이징옥,1453-11-28 00:00:00,1
772,Directed,박원형,세조,1453-11-11 00:00:00,1
773,Directed,최항,세조,1453-11-11 00:00:00,1
774,Directed,단종,유자황,1453-11-15 00:00:00,1
775,Directed,단종,강곤,1453-11-15 00:00:00,1
776,Directed,세조,박팽년,1453-11-11 00:00:00,1
777,Directed,김종서,황보인,1453-10-25 00:00:00,1
778,Directed,이양,황보인,1453-11-25 00:00:00,1
779,Directed,의금부,안완경,1453-11-17 00:00:00,1
780,Directed,박중손,세종,1453-10-25 00:00:00,1
781,Directed,조번,박하,1453-10-05 00:00:00,1
782,Directed,의정부,김종서,1453-10-28 00:00:00,1
783,Directed,최항,단종,1453-11-13 00:00:00,1
784,Directed,민심언,민형,1453-10-18 00:00:00,1
785,Directed,홍달손,유수,1453-10-30 00:00:00,1
786,Directed,이군생,설,1453-10-28 00:00:00,1
787,Directed,신숙주,박원형,1453-11-16 00:00:00,1
788,Directed,박중손,최항,1453-11-25 00:00:00,1
789,Directed,박종우,이우직,1453-11-16 00:00:00,1
790,Directed,의정부,이흥상,1453-11-18 00:00:00,1
791,Directed,안중후,단종,1453-11-18 00:00:00,3
792,Directed,단종,공기,1453-11-26 00:00:00,2
793,Directed,이번,김문기,1453-10-28 00:00:00,1
794,Directed,정양,김길통,1453-11-11 00:00:00,1
795,Directed,이현로,조완규,1453-10-05 00:00:00,1
797,Directed,박종우,허후,1453-11-13 00:00:00,1
798,Directed,황보인,세조,1453-11-10 00:00:00,1
799,Directed,의정부,박종우,1453-11-18 00:00:00,1
800,Directed,단종,안평 대군,1453-11-11 00:00:00,1
801,Directed,유성원,황보인,1453-11-25 00:00:00,1
802,Directed,세조,안평 대군,1453-11-17 00:00:00,2
803,Directed,세조,조수량,1453-11-27 00:00:00,1
804,Directed,이계전,한확,1453-11-25 00:00:00,1
805,Directed,김문기,이번,1453-10-28 00:00:00,1
806,Directed,성봉조,여종경,1453-11-25 00:00:00,1
807,Directed,사간원,정분,1453-11-15 00:00:00,1
808,Directed,단종,지정,1453-11-13 00:00:00,3
809,Directed,의금부,민보계,1453-11-28 00:00:00,1
810,Directed,박원형,권자신,1453-11-11 00:00:00,1
811,Directed,안완경,안평 대군,1453-11-25 00:00:00,1
812,Directed,이승손,박팽년,1453-10-05 00:00:00,1
813,Directed,의금부,하석,1453-11-13 00:00:00,3
814,Directed,정영통,이승윤,1453-10-05 00:00:00,1
815,Directed,사관,안평 대군,1453-11-17 00:00:00,1
816,Directed,정인지,안평 대군,1453-11-18 00:00:00,1
817,Directed,김소남,김문현,1453-11-05 00:00:00,1
818,Directed,홍구성,홍약,1453-11-07 00:00:00,1
819,Directed,김문기,단종,1453-11-12 00:00:00,1
820,Directed,한확,안평 대군,1453-11-18 00:00:00,2
821,Directed,세조,이우직,1453-11-16 00:00:00,1
822,Directed,단종,황보인,1453-11-13 00:00:00,1
823,Directed,사간원,김문기,1453-11-25 00:00:00,1
824,Directed,의정부,유사,1453-11-18 00:00:00,1
825,Directed,박하,이현로,1453-10-05 00:00:00,1
826,Directed,윤필상,신자교,1453-10-20 00:00:00,1
827,Directed,한확,오왕,1453-11-17 00:00:00,1
828,Directed,정인지,이사철,1453-11-27 00:00:00,3
829,Directed,정인지,안평 대군,1453-11-17 00:00:00,2
830,Directed,의금부,조충손,1453-11-17 00:00:00,1
831,Directed,정인지,한확,1453-11-27 00:00:00,4
832,Directed,이승로,조번,1453-10-05 00:00:00,1
833,Directed,이예장,세종,1453-10-26 00:00:00,3
834,Directed,최효남,강미수,1453-11-11 00:00:00,1
835,Directed,김길통,단종,1453-11-12 00:00:00,2
836,Directed,원구,안평 대군,1453-11-25 00:00:00,1
837,Directed,나홍서,한숭,1453-11-19 00:00:00,1
838,Directed,성삼문,단종,1453-11-17 00:00:00,2
839,Directed,박원형,단종,1453-11-16 00:00:00,1
840,Directed,박호문,박평손,1453-11-25 00:00:00,1
841,Directed,이계전,최항,1453-11-27 00:00:00,2
842,Directed,박종우,세조,1453-11-10 00:00:00,1
843,Directed,의정부,권언,1453-11-18 00:00:00,1
844,Directed,양녕 대군,단종,1453-11-17 00:00:00,1
845,Directed,이승윤,박하,1453-10-05 00:00:00,1
846,Directed,정양,최효남,1453-11-11 00:00:00,1
847,Directed,박중림,단종,1453-11-11 00:00:00,2
848,Directed,육조,이우직,1453-11-16 00:00:00,1
849,Directed,김영원,안평 대군,1453-10-05 00:00:00,2
850,Directed,박팽년,권자신,1453-11-11 00:00:00,1
851,Directed,세조,이징옥,1453-11-25 00:00:00,2
852,Directed,이현로,안평 대군,1453-10-05 00:00:00,2
853,Directed,조정서,노정,1453-10-27 00:00:00,1
854,Directed,김사청,김문현,1453-11-05 00:00:00,1
855,Directed,세조,이양,1453-11-10 00:00:00,2
856,Directed,정식,강미수,1453-11-11 00:00:00,1
857,Directed,이계린,단종,1453-11-15 00:00:00,1
858,Directed,박팽년,정척,1453-10-05 00:00:00,1
859,Directed,단종,이승윤,1453-11-05 00:00:00,1
860,Directed,박중손,한확,1453-11-27 00:00:00,1
861,Directed,의정부,한서구,1453-11-18 00:00:00,1
862,Directed,임원준,이의산,1453-10-05 00:00:00,1
863,Directed,최운해,최윤덕,1453-10-25 00:00:00,1
864,Directed,세조,막동,1453-11-14 00:00:00,1
865,Directed,이징석,기,1453-10-30 00:00:00,1
866,Directed,사간원,안평 대군,1453-11-15 00:00:00,1
867,Directed,세조,김말생,1453-11-14 00:00:00,1
868,Directed,안평 대군,이징옥,1453-11-25 00:00:00,1
869,Directed,안초,조극관,1453-11-03 00:00:00,1
870,Directed,박중손,신숙주,1453-11-25 00:00:00,1
871,Directed,단종,송익손,1453-11-15 00:00:00,1
872,Directed,이승손,이근계,1453-11-11 00:00:00,1
873,Directed,이세문,박중림,1453-11-11 00:00:00,1
874,Directed,세조,봉석주,1453-11-10 00:00:00,1
875,Directed,권남,홍순손,1453-11-10 00:00:00,1
876,Directed,단종,최항,1453-11-15 00:00:00,2
877,Directed,성녕 부인,안평 대군,1453-11-25 00:00:00,1
878,Directed,성봉조,최득저,1453-11-27 00:00:00,1
879,Directed,민신,이명민,1453-11-25 00:00:00,2
880,Directed,안초,이사철,1453-10-26 00:00:00,1
881,Directed,김연,안평 대군,1453-11-25 00:00:00,1
882,Directed,세조,고계로,1453-11-14 00:00:00,1
883,Directed,권남,한명회,1453-10-30 00:00:00,1
884,Directed,승정원,단종,1453-10-26 00:00:00,3
885,Directed,단종,박중림,1453-11-15 00:00:00,2
886,Directed,세조,한명회,1453-10-26 00:00:00,1
887,Directed,단종,이징규,1453-11-28 00:00:00,1
888,Directed,사헌부,임중경,1453-10-25 00:00:00,1
889,Directed,단종,김계우,1453-11-20 00:00:00,3
890,Directed,이계린,권준,1453-11-15 00:00:00,1
891,Directed,조완규,조번,1453-10-05 00:00:00,1
892,Directed,단종,사간원,1453-11-26 00:00:00,1
893,Directed,단종,정인지,1453-11-14 00:00:00,3
894,Directed,단종,권자신,1453-11-11 00:00:00,1
895,Directed,김수,안평 대군,1453-11-12 00:00:00,1
896,Directed,이명민,이현로,1453-11-10 00:00:00,1
897,Directed,세조,우명로,1453-11-14 00:00:00,1
898,Directed,황보인,유성원,1453-11-25 00:00:00,1
899,Directed,단종,안막동,1453-11-13 00:00:00,1
900,Directed,홍옥봉,홍구성,1453-11-07 00:00:00,1
901,Directed,정인지,박종우,1453-11-11 00:00:00,1
902,Directed,정식,안완경,1453-11-11 00:00:00,1
903,Directed,안평 대군,이현로,1453-11-10 00:00:00,2
904,Directed,의정부,노정,1453-10-28 00:00:00,1
905,Directed,단종,이계전,1453-11-18 00:00:00,1
906,Directed,단종,이변,1453-11-15 00:00:00,1
907,Directed,김계희,김종순,1453-11-11 00:00:00,1
908,Directed,사간원,안완경,1453-11-15 00:00:00,1
909,Directed,한확,문종,1453-11-17 00:00:00,1
910,Directed,세조,권자신,1453-11-11 00:00:00,1
911,Directed,김종순,이세문,1453-11-11 00:00:00,1
912,Directed,한명회,이명민,1453-10-06 00:00:00,3
913,Directed,윤필상,단종,1453-10-20 00:00:00,1
914,Directed,이현로,안평 대군,1453-10-10 00:00:00,3
915,Directed,세조,정인지,1453-11-18 00:00:00,2
916,Directed,유하,양정,1453-10-30 00:00:00,1
917,Directed,세조,김연,1453-11-10 00:00:00,1
918,Directed,한명회,권남,1453-11-10 00:00:00,1
919,Directed,홍약,홍적,1453-11-07 00:00:00,1
920,Directed,김승벽,윤덕산,1453-11-16 00:00:00,1
921,Directed,최효남,안평 대군,1453-11-11 00:00:00,1
922,Directed,양정,세조,1453-11-10 00:00:00,1
923,Directed,세조,안평 대군,1453-11-16 00:00:00,1
924,Directed,김계우,김문기,1453-11-20 00:00:00,1
925,Directed,세조,권남,1453-11-10 00:00:00,15
926,Directed,이계린,성봉조,1453-11-25 00:00:00,1
927,Directed,한확,최항,1453-11-25 00:00:00,1
928,Directed,의정부,홍달손,1453-11-18 00:00:00,1
929,Directed,사간원,단종,1453-11-25 00:00:00,4
930,Directed,세조,낭발아한,1453-11-27 00:00:00,1
931,Directed,세조,정인지,1453-11-27 00:00:00,2
932,Directed,안평 대군,이현로,1453-10-10 00:00:00,1
933,Directed,이의산,박하,1453-10-10 00:00:00,1
934,Directed,단종,조수량,1453-11-11 00:00:00,1
935,Directed,단종,의정부,1453-10-21 00:00:00,4
936,Directed,단종,윤삼산,1453-10-14 00:00:00,1
937,Directed,세조,이징옥,1453-11-10 00:00:00,1
938,Directed,정인지,기건,1453-11-25 00:00:00,1
939,Directed,이사철,단종,1453-11-14 00:00:00,1
940,Directed,박중손,황보인,1453-10-28 00:00:00,1
941,Directed,김종순,단종,1453-11-11 00:00:00,3
942,Directed,사헌부,단종,1453-10-25 00:00:00,2
943,Directed,단종,이우직,1453-11-12 00:00:00,1
944,Directed,권남,홍달손,1453-10-26 00:00:00,1
945,Directed,한명회,유하,1453-10-26 00:00:00,1
946,Directed,대정,안평 대군,1453-11-10 00:00:00,1
947,Directed,의정부,박하,1453-10-28 00:00:00,1
948,Directed,세조,자성 왕비,1453-11-10 00:00:00,1
949,Directed,육조,단종,1453-11-16 00:00:00,1
950,Directed,안중후,김문현,1453-11-18 00:00:00,2
951,Directed,박종우,권맹손,1453-10-30 00:00:00,1
952,Directed,강미수,김길통,1453-11-17 00:00:00,1
953,Directed,사헌부,단종,1453-10-21 00:00:00,1
954,Directed,강폭,윤필상,1453-10-20 00:00:00,1
955,Directed,안평 대군,황보인,1453-11-10 00:00:00,1
956,Directed,이명민,황보인,1453-11-10 00:00:00,1
957,Directed,단종,이계린,1453-11-20 00:00:00,2
958,Directed,이사철,최항,1453-11-25 00:00:00,1
959,Directed,박원형,단종,1453-11-18 00:00:00,1
960,Directed,단종,구치관,1453-11-26 00:00:00,2
961,Directed,정양,채숙,1453-11-12 00:00:00,2
962,Directed,단종,이승평,1453-11-25 00:00:00,1
963,Directed,단종,원구,1453-11-13 00:00:00,1
964,Directed,홍달손,유하,1453-10-30 00:00:00,1
965,Directed,안초,이계린,1453-11-03 00:00:00,1
966,Directed,허후,박종우,1453-11-11 00:00:00,1
967,Directed,강폭,신의경,1453-10-20 00:00:00,1
968,Directed,단종,황귀존,1453-11-13 00:00:00,2
969,Directed,최항,신숙주,1453-11-25 00:00:00,1
970,Directed,이방간,이맹종,1453-11-15 00:00:00,1
971,Directed,황보인,단종,1453-11-25 00:00:00,2
972,Directed,이승윤,김영원,1453-10-05 00:00:00,1
973,Directed,의금부,군생,1453-11-16 00:00:00,1
974,Directed,권자신,박팽년,1453-11-16 00:00:00,2
975,Directed,단종,성녕 부인,1453-11-23 00:00:00,1
976,Directed,박건순,단종,1453-11-11 00:00:00,1
977,Directed,의정부,안평 대군,1453-11-25 00:00:00,2
978,Directed,세조,정인지,1453-11-10 00:00:00,1
979,Directed,권남,한명회,1453-10-26 00:00:00,1
980,Directed,세조,권준,1453-11-10 00:00:00,1
981,Directed,단종,사간원,1453-11-17 00:00:00,1
982,Directed,이언,성중식,1453-11-22 00:00:00,1
983,Directed,정종,이징옥,1453-11-27 00:00:00,1
984,Directed,김계희,박건순,1453-11-11 00:00:00,1
985,Directed,이석정,안평 대군,1453-11-25 00:00:00,1
986,Directed,정인지,단종,1453-11-18 00:00:00,24
987,Directed,이승로,박하,1453-10-05 00:00:00,1
988,Directed,안평 대군,이의산,1453-10-10 00:00:00,1
989,Directed,정양,채숙,1453-11-11 00:00:00,1
990,Directed,의금부,김연,1453-11-13 00:00:00,1
991,Directed,이승윤,단종,1453-10-30 00:00:00,2
992,Directed,정척,김성원,1453-10-05 00:00:00,1
993,Directed,정인지,허후,1453-11-11 00:00:00,1
994,Directed,이몽가,강희안,1453-10-10 00:00:00,1
995,Directed,단종,구치관,1453-11-15 00:00:00,1
996,Directed,안완경,이현로,1453-11-10 00:00:00,1
997,Directed,박종우,민심언,1453-10-30 00:00:00,1
998,Directed,박종우,민건,1453-10-30 00:00:00,1
999,Directed,정인지,이우직,1453-11-17 00:00:00,1
1000,Directed,의금부,단종,1453-11-12 00:00:00,1
1001,Directed,홍윤성,세조,1453-11-10 00:00:00,1
1002,Directed,단종,의금부,1453-11-12 00:00:00,1
1003,Directed,단종,박강,1453-11-28 00:00:00,1
1004,Directed,김약회,김문현,1453-11-05 00:00:00,1
1005,Directed,김황,이승손,1453-10-05 00:00:00,1
1006,Directed,임중경,이번,1453-10-28 00:00:00,1
1007,Directed,세조,김시귀,1453-11-27 00:00:00,1
1008,Directed,단종,조윤,1453-11-15 00:00:00,1
1009,Directed,강폭,신자교,1453-10-20 00:00:00,1
1010,Directed,세조,김정,1453-11-14 00:00:00,1
1011,Directed,양녕 대군,안평 대군,1453-11-13 00:00:00,1
1012,Directed,박팽년,윤탁,1453-10-05 00:00:00,1
1013,Directed,영기,용,1453-11-10 00:00:00,1
1014,Directed,세조,남해,1453-11-14 00:00:00,1
1015,Directed,단종,홍순손,1453-11-15 00:00:00,1
1016,Directed,의정부,한명진,1453-11-18 00:00:00,1
1017,Directed,단종,허후,1453-11-11 00:00:00,3
1018,Directed,김종순,단종,1453-11-18 00:00:00,4
1019,Directed,사헌부,유경로,1453-10-21 00:00:00,1
1020,Directed,단종,유자황,1453-11-26 00:00:00,2
1021,Directed,황효원,정종,1453-11-19 00:00:00,1
1022,Directed,단종,박원형,1453-11-16 00:00:00,1
1023,Directed,의정부,유경로,1453-10-21 00:00:00,1
1024,Directed,이계전,세조,1453-11-11 00:00:00,1
1025,Directed,안초,단종,1453-10-26 00:00:00,1
1026,Directed,박건순,안평 대군,1453-11-11 00:00:00,1
1027,Directed,박하,안평 대군,1453-10-05 00:00:00,2
1028,Directed,한명회,권경,1453-11-10 00:00:00,1
1029,Directed,이징석,맹자,1453-10-30 00:00:00,1
1030,Directed,의금부,안평 대군,1453-11-13 00:00:00,1
1031,Directed,황보인,김종서,1453-11-10 00:00:00,3
1032,Directed,조번,정영통,1453-10-05 00:00:00,1
1033,Directed,김세민,단종,1453-10-30 00:00:00,1
1034,Directed,권자신,이계전,1453-11-11 00:00:00,1
1035,Directed,안자립,황보석,1453-11-25 00:00:00,1
1036,Directed,단종,조순생,1453-11-13 00:00:00,1
1037,Directed,김계우,이징옥,1453-11-20 00:00:00,1
1038,Directed,이계전,권자신,1453-11-11 00:00:00,1
1039,Directed,승정원,최양선,1453-11-23 00:00:00,3
1040,Directed,단종,윤사윤,1453-11-15 00:00:00,1
1041,Directed,이계린,기건,1453-11-25 00:00:00,1
1042,Directed,세조,세종,1453-11-16 00:00:00,3
1043,Directed,단종,이종목,1453-11-02 00:00:00,1
1044,Directed,세조,김종서,1453-11-27 00:00:00,8
1045,Directed,조번,이승윤,1453-10-05 00:00:00,1
1046,Directed,박하,이승윤,1453-10-05 00:00:00,1
1047,Directed,정인지,권남,1453-11-10 00:00:00,1
1048,Directed,정양,김종서,1453-11-11 00:00:00,1
1049,Directed,정자양,안완경,1453-10-10 00:00:00,1
1050,Directed,집현전,세조,1453-11-12 00:00:00,1
1051,Directed,의금부,성녕 부인,1453-11-19 00:00:00,1
1052,Directed,임원준,김영전,1453-10-05 00:00:00,1
1053,Directed,이현로,이의산,1453-10-05 00:00:00,1
1054,Directed,단종,성삼문,1453-11-15 00:00:00,3
1055,Directed,정분,안완경,1453-11-10 00:00:00,1
1056,Directed,김승규,유쟁,1453-11-13 00:00:00,1
1057,Directed,김승벽,김종서,1453-11-12 00:00:00,2
1058,Directed,박중림,안평 대군,1453-11-11 00:00:00,3
1059,Directed,세조,홍윤성,1453-11-10 00:00:00,1
1060,Directed,송석손,세조,1453-11-10 00:00:00,1
1061,Directed,단종,이명민,1453-11-13 00:00:00,1
1062,Directed,김종순,김계희,1453-11-11 00:00:00,1
1063,Directed,이의산,정자제,1453-10-10 00:00:00,1
1064,Directed,단종,김계희,1453-11-11 00:00:00,1
1065,Directed,한확,기건,1453-11-25 00:00:00,1
1066,Directed,박건순,단종,1453-11-27 00:00:00,2
1067,Directed,김종순,김종서,1453-11-27 00:00:00,1
1068,Directed,정영통,안평 대군,1453-10-05 00:00:00,2
1069,Directed,조번,안평 대군,1453-11-25 00:00:00,1
1070,Directed,단종,유사,1453-11-15 00:00:00,1
1071,Directed,단종,이징석,1453-11-25 00:00:00,1
1072,Directed,안평 대군,정분,1453-11-25 00:00:00,2
1073,Directed,김영전,안평 대군,1453-10-05 00:00:00,2
1074,Directed,황보인,안평 대군,1453-11-10 00:00:00,1
1075,Directed,이계전,이계린,1453-11-27 00:00:00,1
1076,Directed,곽연성,권남,1453-11-10 00:00:00,1
1077,Directed,안중후,임숙,1453-11-05 00:00:00,1
1078,Directed,김길통,안완경,1453-11-11 00:00:00,1
1079,Directed,단종,홍응,1453-11-17 00:00:00,1
1080,Directed,김승벽,김종서,1453-11-10 00:00:00,1
1081,Directed,세조,김연,1453-10-26 00:00:00,1
1082,Directed,단종,조숙생,1453-11-01 00:00:00,1
1083,Directed,세조,요 태조,1453-11-18 00:00:00,1
1084,Directed,성삼문,이경유,1453-11-17 00:00:00,1
1085,Directed,단종,이우직,1453-11-18 00:00:00,4
1086,Directed,김계희,안평 대군,1453-11-11 00:00:00,1
1087,Directed,박팽년,박원형,1453-11-11 00:00:00,1
1088,Directed,이현로,강희안,1453-10-10 00:00:00,1
1089,Directed,안평 대군,성녕 부인,1453-11-18 00:00:00,1
1090,Directed,박중림,단종,1453-11-18 00:00:00,3
1091,Directed,세조,최항,1453-11-18 00:00:00,2
1092,Directed,정의 공주,세조,1453-11-14 00:00:00,1
1093,Directed,김종순,단종,1453-11-27 00:00:00,5
1094,Directed,최효남,정분,1453-11-11 00:00:00,1
1095,Directed,이근계,이승손,1453-11-11 00:00:00,1
1096,Directed,안평 대군,정효전,1453-11-10 00:00:00,1
1097,Directed,이사철,세조,1453-11-14 00:00:00,1
1098,Directed,정인지,한확,1453-11-11 00:00:00,1
1099,Directed,의금부,영기,1453-11-16 00:00:00,1
1100,Directed,김영원,이승로,1453-10-05 00:00:00,1
1101,Directed,권남,양정,1453-10-26 00:00:00,1
1102,Directed,이승로,김영원,1453-10-05 00:00:00,1
1103,Directed,최항,정인지,1453-11-14 00:00:00,1
1104,Directed,이사철,한확,1453-11-27 00:00:00,3
1105,Directed,이사철,박철손,1453-11-25 00:00:00,1
1106,Directed,단종,최중겸,1453-11-11 00:00:00,1
1107,Directed,권자신,최항,1453-11-11 00:00:00,1
1108,Directed,홍옥봉,홍승,1453-11-07 00:00:00,1
1109,Directed,지화,안평 대군,1453-11-14 00:00:00,1
1110,Directed,세조,단종,1453-11-18 00:00:00,7
1111,Directed,세조,중을,1453-11-14 00:00:00,1
1112,Directed,권담,김문기,1453-10-28 00:00:00,1
1113,Directed,정척,김황,1453-10-05 00:00:00,1
1114,Directed,안중후,김용,1453-11-05 00:00:00,1
1115,Directed,김종서,남지,1453-11-02 00:00:00,1
1116,Directed,김문현,김부필,1453-11-18 00:00:00,1
1117,Directed,정자제,강희안,1453-10-10 00:00:00,1
1118,Directed,이개,단종,1453-11-28 00:00:00,1
1119,Directed,한명회,권언,1453-11-10 00:00:00,1
1120,Directed,이현로,김영원,1453-10-05 00:00:00,1
1121,Directed,안평 대군,하석,1453-11-10 00:00:00,1
1122,Directed,한확,최항,1453-11-27 00:00:00,2
1123,Directed,의정부,윤사윤,1453-11-18 00:00:00,1
1124,Directed,단종,최효남,1453-11-11 00:00:00,3
1125,Directed,임어을운,세조,1453-11-10 00:00:00,1
1126,Directed,강미수,최효남,1453-11-11 00:00:00,1
1127,Directed,이징석,이팔동,1453-11-27 00:00:00,1
1128,Directed,권준,한숭,1453-11-13 00:00:00,1
1129,Directed,김승규,김종서,1453-11-02 00:00:00,1
1130,Directed,김조,단종,1453-11-18 00:00:00,1
1131,Directed,안초,윤봉,1453-11-03 00:00:00,1
1132,Directed,이현로,이승로,1453-10-05 00:00:00,1
1133,Directed,김문현,김소남,1453-11-05 00:00:00,1
1134,Directed,권맹손,단종,1453-11-18 00:00:00,1
1135,Directed,유수,권남,1453-10-30 00:00:00,1
1136,Directed,나홍서,성득식,1453-11-22 00:00:00,2
1137,Directed,김길통,강미수,1453-11-11 00:00:00,1
1138,Directed,이현로,정영통,1453-10-05 00:00:00,1
1139,Directed,단종,박중림,1453-11-28 00:00:00,1
1140,Directed,단종,김종순,1453-11-11 00:00:00,2
1141,Directed,이승손,정척,1453-10-05 00:00:00,1
1142,Directed,단종,안평 대군,1453-11-13 00:00:00,4
1143,Directed,세조,박금,1453-11-14 00:00:00,1
1144,Directed,황효원,김문현,1453-11-19 00:00:00,1
1373,Directed,단종,김윤부,1453-11-15 00:00:00,1
1145,Directed,신맹종,황보흠,1453-11-25 00:00:00,1
1146,Directed,성삼문,단종,1453-11-18 00:00:00,2
1147,Directed,단종,이계린,1453-11-15 00:00:00,1
1148,Directed,김영전,박하,1453-10-05 00:00:00,1
1149,Directed,박원형,최항,1453-11-11 00:00:00,1
1150,Directed,단종,조정서,1453-11-07 00:00:00,4
1151,Directed,이계전,한확,1453-11-27 00:00:00,1
1152,Directed,안초,허후,1453-11-03 00:00:00,1
1153,Directed,단종,박중림,1453-11-18 00:00:00,2
1154,Directed,김종서,세조,1453-11-10 00:00:00,2
1155,Directed,신숙주,이징옥,1453-11-25 00:00:00,1
1156,Directed,단종,엄자치,1453-11-10 00:00:00,1
1157,Directed,박원형,신숙주,1453-11-16 00:00:00,1
1158,Directed,단종,홍순로,1453-11-15 00:00:00,1
1159,Directed,단종,정양,1453-11-11 00:00:00,3
1160,Directed,단종,황귀존,1453-11-11 00:00:00,1
1161,Directed,세조,양옥,1453-11-14 00:00:00,1
1162,Directed,단종,임자번,1453-11-15 00:00:00,1
1163,Directed,김영원,김영전,1453-10-05 00:00:00,1
1164,Directed,단종,의정부,1453-10-07 00:00:00,1
1165,Directed,민건,박종우,1453-10-30 00:00:00,1
1166,Directed,단종,승정원,1453-10-14 00:00:00,1
1167,Directed,김문현,김약회,1453-11-05 00:00:00,1
1168,Directed,정영통,김영원,1453-10-05 00:00:00,1
1169,Directed,단종,권제,1453-10-20 00:00:00,1
1170,Directed,단종,정인지,1453-11-18 00:00:00,12
1171,Directed,세종,남지,1453-11-02 00:00:00,1
1172,Directed,홍달손,한명회,1453-10-30 00:00:00,1
1173,Directed,권준,김승규,1453-11-13 00:00:00,1
1174,Directed,의정부,설계조,1453-11-18 00:00:00,1
1175,Directed,도원간,한확,1453-11-11 00:00:00,1
1176,Directed,박중손,이계전,1453-11-25 00:00:00,1
1177,Directed,황보인,안평 대군,1453-10-26 00:00:00,1
1178,Directed,단종,홍연,1453-11-11 00:00:00,1
1179,Directed,단종,김연,1453-11-13 00:00:00,1
1180,Directed,이예장,안평 대군,1453-11-13 00:00:00,1
1181,Directed,정식,김길통,1453-11-11 00:00:00,1
1182,Directed,정인지,양성지,1453-11-17 00:00:00,1
1183,Directed,이의산,이승로,1453-10-05 00:00:00,1
1184,Directed,단종,세조,1453-11-15 00:00:00,6
1185,Directed,의정부,한명회,1453-11-18 00:00:00,1
1186,Directed,이징옥,황유,1453-11-25 00:00:00,2
1187,Directed,양정,유수,1453-10-30 00:00:00,1
1188,Directed,의금부,이양,1453-11-13 00:00:00,1
1189,Directed,정인지,세종,1453-11-28 00:00:00,1
1190,Directed,한확,세조,1453-11-14 00:00:00,1
1191,Directed,세조,세종,1453-10-26 00:00:00,1
1192,Directed,조완규,이승로,1453-10-05 00:00:00,1
1193,Directed,이승손,민해,1453-11-11 00:00:00,1
1194,Directed,정식,단종,1453-11-11 00:00:00,1
1195,Directed,권남,이현로,1453-10-10 00:00:00,1
1196,Directed,정인지,조돈,1453-11-17 00:00:00,1
1197,Directed,이사철,한확,1453-11-25 00:00:00,1
1198,Directed,한확,박중손,1453-11-27 00:00:00,1
1199,Directed,이계린,최항,1453-11-25 00:00:00,1
1200,Directed,단종,이양,1453-11-13 00:00:00,1
1201,Directed,의금부,조완규,1453-11-17 00:00:00,1
1202,Directed,신의경,정윤화,1453-10-20 00:00:00,1
1203,Directed,정양,안평 대군,1453-11-11 00:00:00,1
1204,Directed,이사철,정인지,1453-11-14 00:00:00,3
1205,Directed,의정부,김효성,1453-11-18 00:00:00,1
1206,Directed,세조,김반대,1453-11-27 00:00:00,1
1207,Directed,단종,박건순,1453-11-11 00:00:00,1
1208,Directed,이승손,안평 대군,1453-11-11 00:00:00,1
1209,Directed,세조,심견,1453-11-14 00:00:00,1
1210,Directed,승정원,단종,1453-11-23 00:00:00,5
1211,Directed,단종,박기년,1453-11-17 00:00:00,1
1212,Directed,김종서,김승벽,1453-11-10 00:00:00,1
1213,Directed,단종,이양,1453-11-11 00:00:00,1
1214,Directed,이의산,이몽가,1453-10-10 00:00:00,1
1215,Directed,이계전,박원형,1453-11-11 00:00:00,1
1216,Directed,단종,의정부,1453-11-15 00:00:00,13
1217,Directed,김영전,정영통,1453-10-05 00:00:00,1
1218,Directed,조완규,안평 대군,1453-10-05 00:00:00,2
1219,Directed,정인지,한확,1453-11-25 00:00:00,2
1220,Directed,세조,단종,1453-11-11 00:00:00,3
1221,Directed,정인지,성봉조,1453-11-25 00:00:00,1
1222,Directed,정인지,순,1453-11-17 00:00:00,1
1223,Directed,한확,정인지,1453-11-27 00:00:00,4
1224,Directed,단종,함우치,1453-11-11 00:00:00,2
1225,Directed,김길통,안평 대군,1453-11-11 00:00:00,1
1226,Directed,정인지,이징옥,1453-11-25 00:00:00,1
1227,Directed,민신,안평 대군,1453-11-25 00:00:00,1
1228,Directed,황효원,황보인,1453-11-27 00:00:00,1
1229,Directed,박하,조완규,1453-10-05 00:00:00,1
1230,Directed,단종,권준,1453-11-17 00:00:00,3
1231,Directed,세조,아치랑귀,1453-11-27 00:00:00,1
1232,Directed,의금부,이명민,1453-11-13 00:00:00,1
1233,Directed,이계린,한확,1453-11-27 00:00:00,1
1234,Directed,한확,태종,1453-11-17 00:00:00,1
1235,Directed,최항,권자신,1453-11-16 00:00:00,2
1236,Directed,세조,안경손,1453-11-10 00:00:00,1
1237,Directed,김계우,권수,1453-11-20 00:00:00,1
1238,Directed,정인지,단종,1453-11-16 00:00:00,3
1239,Directed,용,영기,1453-11-10 00:00:00,1
1240,Directed,최항,성봉조,1453-11-25 00:00:00,1
1241,Directed,단종,하석,1453-11-13 00:00:00,1
1242,Directed,의정부,홍순로,1453-11-18 00:00:00,1
1243,Directed,조정서,김귀홍,1453-10-27 00:00:00,1
1244,Directed,박중손,단종,1453-11-12 00:00:00,1
1245,Directed,이현로,이몽가,1453-10-10 00:00:00,1
1246,Directed,의금부,이계동,1453-11-16 00:00:00,1
1247,Directed,이승윤,정영통,1453-10-05 00:00:00,1
1248,Directed,단종,승정원,1453-10-26 00:00:00,4
1249,Directed,승정원,세종,1453-11-07 00:00:00,2
1250,Directed,지화,안평 대군,1453-11-25 00:00:00,1
1251,Directed,황보인,하위지,1453-11-25 00:00:00,1
1252,Directed,조완규,이의산,1453-10-05 00:00:00,1
1253,Directed,김영전,이의산,1453-10-05 00:00:00,1
1254,Directed,이명민,김종서,1453-10-06 00:00:00,1
1255,Directed,이계전,박중손,1453-11-25 00:00:00,1
1256,Directed,임원준,김영원,1453-10-05 00:00:00,1
1257,Directed,세조,강곤,1453-11-10 00:00:00,1
1258,Directed,의금부,허후,1453-11-17 00:00:00,1
1259,Directed,이계전,이사철,1453-11-25 00:00:00,1
1260,Directed,윤덕산,김승벽,1453-11-16 00:00:00,1
1261,Directed,정인지,이계전,1453-11-25 00:00:00,1
1262,Directed,한명회,세조,1453-11-10 00:00:00,2
1263,Directed,한확,회남왕,1453-11-17 00:00:00,1
1264,Directed,안평 대군,안완경,1453-10-10 00:00:00,1
1265,Directed,황보인,안평 대군,1453-11-25 00:00:00,3
1266,Directed,노회신,조완규,1453-10-10 00:00:00,1
1267,Directed,김세민,임중경,1453-10-30 00:00:00,1
1268,Directed,윤필상,정윤화,1453-10-20 00:00:00,1
1269,Directed,세조,석동,1453-11-14 00:00:00,1
1270,Directed,이현로,안평 대군,1453-11-10 00:00:00,1
1271,Directed,이계린,이숙치,1453-11-15 00:00:00,1
1272,Directed,단종,양정,1453-11-15 00:00:00,1
1273,Directed,박중손,박팽년,1453-11-11 00:00:00,1
1274,Directed,단종,조번,1453-11-13 00:00:00,1
1275,Directed,정인지,이사철,1453-11-14 00:00:00,3
1276,Directed,박평손,이징옥,1453-11-25 00:00:00,1
1277,Directed,세조,김효성,1453-11-10 00:00:00,1
1278,Directed,김세민,민건,1453-10-30 00:00:00,1
1279,Directed,세조,황보인,1453-11-10 00:00:00,8
1280,Directed,김종서,이양,1453-11-25 00:00:00,1
1281,Directed,단종,나홍서,1453-11-19 00:00:00,2
1282,Directed,박건순,이세문,1453-11-11 00:00:00,1
1283,Directed,권준,안평 대군,1453-11-13 00:00:00,1
1284,Directed,강미수,단종,1453-11-17 00:00:00,2
1285,Directed,박중림,맹자,1453-10-14 00:00:00,1
1286,Directed,단종,박금손,1453-10-14 00:00:00,1
1287,Directed,의정부,세조,1453-11-18 00:00:00,1
1288,Directed,강미수,조수량,1453-11-11 00:00:00,1
1289,Directed,김종순,성득식,1453-11-18 00:00:00,1
1290,Directed,김종순,박중림,1453-11-11 00:00:00,1
1291,Directed,나홍서,단종,1453-11-19 00:00:00,3
1292,Directed,정양,정분,1453-11-11 00:00:00,1
1293,Directed,단종,김조,1453-11-11 00:00:00,1
1294,Directed,단종,박강,1453-11-25 00:00:00,1
1295,Directed,의정부,조윤,1453-11-18 00:00:00,1
1296,Directed,정인지,이계전,1453-11-10 00:00:00,1
1297,Directed,함귀,조극관,1453-11-10 00:00:00,1
1298,Directed,정효손,정효전,1453-11-20 00:00:00,1
1299,Directed,신자교,권제,1453-10-20 00:00:00,1
1300,Directed,안평 대군,박하,1453-10-10 00:00:00,1
1301,Directed,의금부,윤처공,1453-11-13 00:00:00,1
1302,Directed,단종,의정부,1453-11-13 00:00:00,12
1303,Directed,김황,박팽년,1453-10-05 00:00:00,1
1304,Directed,이사철,기건,1453-11-25 00:00:00,1
1305,Directed,세조,박중손,1453-11-10 00:00:00,1
1306,Directed,단종,노숙동,1453-10-02 00:00:00,1
1307,Directed,조순생,안평 대군,1453-11-25 00:00:00,1
1308,Directed,신숙주,이계린,1453-11-25 00:00:00,1
1309,Directed,정영통,김영전,1453-10-05 00:00:00,1
1310,Directed,이승윤,유자황,1453-11-05 00:00:00,1
1311,Directed,단종,의금부,1453-11-21 00:00:00,4
1312,Directed,박하,조번,1453-10-05 00:00:00,1
1313,Directed,김영원,조번,1453-10-05 00:00:00,1
1314,Directed,신자교,윤필상,1453-10-20 00:00:00,1
1315,Directed,김한,설,1453-10-28 00:00:00,1
1316,Directed,이사철,최항,1453-11-27 00:00:00,2
1317,Directed,단종,박중손,1453-11-12 00:00:00,1
1318,Directed,최항,이계전,1453-11-27 00:00:00,2
1319,Directed,세조,지명,1453-11-14 00:00:00,1
1320,Directed,안평 대군,조극관,1453-11-25 00:00:00,1
1321,Directed,단종,김신민,1453-11-15 00:00:00,1
1322,Directed,문종,안평 대군,1453-11-17 00:00:00,1
1323,Directed,임원준,조번,1453-10-05 00:00:00,1
1324,Directed,이몽가,정자제,1453-10-10 00:00:00,1
1325,Directed,노회신,이몽가,1453-10-10 00:00:00,1
1326,Directed,최항,박중손,1453-11-11 00:00:00,1
1327,Directed,김계희,김종서,1453-10-14 00:00:00,1
1328,Directed,이계전,박팽년,1453-11-11 00:00:00,1
1329,Directed,정영통,이현로,1453-10-05 00:00:00,1
1330,Directed,이언,구치관,1453-11-24 00:00:00,1
1331,Directed,임원준,조완규,1453-10-05 00:00:00,1
1332,Directed,정영통,박하,1453-10-05 00:00:00,1
1333,Directed,단종,함우치,1453-11-05 00:00:00,1
1334,Directed,임숙,이춘부,1453-11-05 00:00:00,1
1335,Directed,김종서,단종,1453-10-28 00:00:00,1
1336,Directed,유하,한명회,1453-10-30 00:00:00,1
1337,Directed,정인지,황보인,1453-10-06 00:00:00,1
1338,Directed,안평 대군,이양,1453-11-25 00:00:00,1
1339,Directed,나홍서,이우직,1453-11-20 00:00:00,1
1340,Directed,이징옥,이명겸,1453-11-19 00:00:00,1
1341,Directed,정척,이승손,1453-10-05 00:00:00,1
1342,Directed,의금부,이세문,1453-11-17 00:00:00,1
1343,Directed,김영전,이현로,1453-10-05 00:00:00,1
1344,Directed,세조,안완경,1453-11-10 00:00:00,1
1345,Directed,김종순,단종,1453-10-19 00:00:00,1
1346,Directed,권남,최항,1453-11-10 00:00:00,3
1347,Directed,단종,박팽년,1453-11-11 00:00:00,1
1348,Directed,세조,동속로첩목아,1453-11-27 00:00:00,1
1349,Directed,단종,김수,1453-11-12 00:00:00,1
1350,Directed,세조,승통,1453-11-14 00:00:00,1
1351,Directed,단종,김처의,1453-11-15 00:00:00,1
1352,Directed,세조,동풍기,1453-11-27 00:00:00,1
1353,Directed,단종,의정부,1453-11-16 00:00:00,3
1354,Directed,단종,박팽년,1453-11-16 00:00:00,1
1355,Directed,양정,유하,1453-10-26 00:00:00,1
1356,Directed,한확,단종,1453-11-18 00:00:00,11
1357,Directed,민건,권맹손,1453-10-30 00:00:00,1
1358,Directed,단종,의정부,1453-10-26 00:00:00,3
1359,Directed,함귀,황보인,1453-11-10 00:00:00,1
1360,Directed,박중손,병조,1453-11-25 00:00:00,1
1361,Directed,허후,단종,1453-11-11 00:00:00,1
1362,Directed,김종서,노숙동,1453-10-02 00:00:00,1
1363,Directed,사간원,승정원,1453-11-06 00:00:00,1
1364,Directed,임원준,박하,1453-10-05 00:00:00,1
1365,Directed,김종서,안평 대군,1453-11-25 00:00:00,5
1366,Directed,자성 왕비,세조,1453-11-10 00:00:00,1
1367,Directed,안중후,신돈,1453-11-18 00:00:00,2
1368,Directed,정인지,박철손,1453-11-25 00:00:00,1
1369,Directed,박중림,이번,1453-10-28 00:00:00,1
1370,Directed,조번,안평 대군,1453-10-05 00:00:00,2
1371,Directed,최효남,안완경,1453-11-11 00:00:00,1
1372,Directed,성녕 부인,성득식,1453-11-18 00:00:00,1
1374,Directed,이개,조수량,1453-11-28 00:00:00,1
1375,Directed,이승윤,조근,1453-10-30 00:00:00,1
1376,Directed,의정부,조극관,1453-11-18 00:00:00,1
1377,Directed,단종,하위지,1453-11-15 00:00:00,1
1378,Directed,조완규,박하,1453-10-05 00:00:00,1
1379,Directed,사헌부,신의경,1453-10-20 00:00:00,1
1380,Directed,정인지,이사철,1453-11-25 00:00:00,1
1381,Directed,세조,황보인,1453-11-27 00:00:00,5
1382,Directed,박중손,신자준,1453-11-02 00:00:00,1
1383,Directed,신자교,신의경,1453-10-20 00:00:00,1
1384,Directed,세조,귀봉,1453-11-14 00:00:00,1
1385,Directed,허후,신자승,1453-10-14 00:00:00,1
1386,Directed,민신,민보계,1453-11-28 00:00:00,1
1387,Directed,단종,최숙손,1453-11-02 00:00:00,1
1388,Directed,사헌부,강폭,1453-10-20 00:00:00,1
1389,Directed,세조,함귀,1453-11-10 00:00:00,1
1390,Directed,이예장,이양,1453-10-26 00:00:00,1
1391,Directed,세조,막동,1453-11-10 00:00:00,1
1392,Directed,단종,지정,1453-11-12 00:00:00,2
1393,Directed,세조,양정,1453-11-10 00:00:00,4
1394,Directed,민신,이명민,1453-10-06 00:00:00,1
1395,Directed,의정부,김제남,1453-10-21 00:00:00,1
1396,Directed,조극관,안평 대군,1453-11-10 00:00:00,1
1397,Directed,양녕 대군,안평 대군,1453-11-17 00:00:00,2
1398,Directed,정영통,임원준,1453-10-05 00:00:00,1
1399,Directed,단종,나홍서,1453-10-17 00:00:00,1
1400,Directed,세조,민발,1453-11-10 00:00:00,1
1401,Directed,단종,허조,1453-11-17 00:00:00,1
1402,Directed,단종,이계손,1453-11-26 00:00:00,1
1403,Directed,김길통,정분,1453-11-12 00:00:00,2
1404,Directed,이영충,이승손,1453-11-11 00:00:00,1
1405,Directed,권준,최효남,1453-11-13 00:00:00,1
1406,Directed,이징석,세조,1453-10-30 00:00:00,1
1407,Directed,사간원,관숙,1453-11-15 00:00:00,1
1408,Directed,박팽년,박원형,1453-11-16 00:00:00,2
1409,Directed,이계전,병조,1453-11-25 00:00:00,1
1410,Directed,이현로,세조,1453-11-25 00:00:00,1
1411,Directed,최윤덕,최운해,1453-10-25 00:00:00,1
1412,Directed,정종,이징옥,1453-11-25 00:00:00,1
1413,Directed,세조,홍귀동,1453-11-10 00:00:00,1
1414,Directed,이계전,박철손,1453-11-25 00:00:00,1
1415,Directed,김세민,민형,1453-10-30 00:00:00,1
1416,Directed,신자교,정윤화,1453-10-20 00:00:00,1
1417,Directed,지정,안평 대군,1453-11-25 00:00:00,1
1418,Directed,단종,정창손,1453-10-09 00:00:00,1
1419,Directed,단종,남윤,1453-11-02 00:00:00,1
1420,Directed,이사철,병조,1453-11-25 00:00:00,1
1421,Directed,나홍서,이양,1453-10-31 00:00:00,1
1422,Directed,이견기,단종,1453-11-18 00:00:00,1
1423,Directed,한확,이우직,1453-11-18 00:00:00,2
1424,Directed,한확,단종,1453-11-17 00:00:00,7
1425,Directed,안평 대군,조수량,1453-11-25 00:00:00,1
1426,Directed,신숙주,박철손,1453-11-25 00:00:00,1
1427,Directed,박하,안평 대군,1453-10-10 00:00:00,2
1428,Directed,의금부,안막동,1453-11-17 00:00:00,2
1429,Directed,허후,세조,1453-11-13 00:00:00,1
1430,Directed,이개,조순생,1453-11-28 00:00:00,1
1431,Directed,이승윤,임원준,1453-10-05 00:00:00,1
1432,Directed,김종서,원구,1453-11-10 00:00:00,1
1433,Directed,정인지,박중손,1453-11-25 00:00:00,1
1434,Directed,나홍서,이사철,1453-10-31 00:00:00,1
1435,Directed,박팽년,이계전,1453-11-11 00:00:00,1
1436,Directed,사간원,함우치,1453-11-06 00:00:00,1
1437,Directed,이언,박건순,1453-11-27 00:00:00,1
1438,Directed,단종,신선경,1453-11-16 00:00:00,1
1439,Directed,김종순,안평 대군,1453-11-18 00:00:00,1
1440,Directed,박중손,박철손,1453-11-25 00:00:00,1
1441,Directed,의금부,조수량,1453-11-17 00:00:00,1
1442,Directed,권남,김종서,1453-11-02 00:00:00,1
1443,Directed,권자신,세조,1453-11-11 00:00:00,1
1444,Directed,최항,이계린,1453-11-27 00:00:00,1
1445,Directed,권남,한명진,1453-11-10 00:00:00,1
1446,Directed,강미수,정양,1453-11-17 00:00:00,1
1447,Directed,세조,군생,1453-11-14 00:00:00,1
1448,Directed,김영전,이승로,1453-10-05 00:00:00,1
1449,Directed,세조,홍은봉,1453-11-14 00:00:00,1
1450,Directed,박중손,박미,1453-10-27 00:00:00,1
1451,Directed,이대성,이승손,1453-11-11 00:00:00,1
1452,Directed,조수량,안평 대군,1453-11-10 00:00:00,1
1453,Directed,신숙주,박중손,1453-11-25 00:00:00,1
1454,Directed,단종,조완규,1453-11-13 00:00:00,1
1455,Directed,세조,정의 공주,1453-11-14 00:00:00,1
1456,Directed,단종,이우직,1453-11-16 00:00:00,7
1457,Directed,의정부,단종,1453-10-28 00:00:00,5
1458,Directed,권징,신의경,1453-10-20 00:00:00,1
1459,Directed,단종,우효강,1453-10-14 00:00:00,1
1460,Directed,김용,신돈,1453-11-05 00:00:00,1
1461,Directed,권준,세조,1453-11-10 00:00:00,1
1462,Directed,한명회,양정,1453-10-30 00:00:00,1
1463,Directed,세조,박원형,1453-11-11 00:00:00,1
1464,Directed,나홍서,이흥덕,1453-10-24 00:00:00,1
1465,Directed,이승손,김황,1453-10-05 00:00:00,1
1466,Directed,세조,한숭,1453-11-10 00:00:00,3
1467,Directed,이예장,태종,1453-10-26 00:00:00,1
1468,Directed,박미,박건,1453-10-27 00:00:00,1
1469,Directed,안완경,정분,1453-11-10 00:00:00,1
1470,Directed,의정부,이흥덕,1453-10-21 00:00:00,1
1471,Directed,의금부,지정,1453-11-17 00:00:00,1
1472,Directed,구치관,이경유,1453-11-11 00:00:00,1
1473,Directed,정영통,조완규,1453-10-05 00:00:00,1
1474,Directed,한확,이계전,1453-11-25 00:00:00,1
1475,Directed,단종,이행검,1453-11-28 00:00:00,2
1476,Directed,세조,김처의,1453-11-10 00:00:00,1
1477,Directed,김영원,박하,1453-10-05 00:00:00,1
1478,Directed,한명회,권남,1453-10-30 00:00:00,1
1479,Directed,박하,김영전,1453-10-05 00:00:00,1
1480,Directed,정인지,병조,1453-11-25 00:00:00,1
1481,Directed,단종,엄자치,1453-11-15 00:00:00,1
1482,Directed,권남,양정,1453-11-10 00:00:00,1
1483,Directed,사간원,이방간,1453-11-15 00:00:00,1
1484,Directed,조완규,이현로,1453-10-05 00:00:00,1
1485,Directed,정인지,신숙주,1453-11-25 00:00:00,1
1486,Directed,의정부,홍순손,1453-11-18 00:00:00,1
1487,Directed,양정,유하,1453-10-30 00:00:00,1
1488,Directed,한확,최항,1453-11-14 00:00:00,1
1489,Directed,안평 대군,황보인,1453-10-26 00:00:00,1
1490,Directed,세조,조극관,1453-11-27 00:00:00,1
1491,Directed,박중손,기건,1453-11-25 00:00:00,1
1492,Directed,단종,예조,1453-10-27 00:00:00,1
1493,Directed,세조,임자번,1453-11-10 00:00:00,1
1494,Directed,단종,이개,1453-11-15 00:00:00,1
1495,Directed,김종서,신자형,1453-10-14 00:00:00,1
1496,Directed,홍옥봉,홍적,1453-11-07 00:00:00,1
1497,Directed,박건순,박중림,1453-11-11 00:00:00,1
1498,Directed,단종,박중손,1453-11-15 00:00:00,3
1499,Directed,권남,홍달손,1453-11-10 00:00:00,2
1500,Directed,나홍서,안평 대군,1453-11-19 00:00:00,1
1501,Directed,박중림,김종순,1453-11-11 00:00:00,1
1502,Directed,안중후,김문현,1453-11-05 00:00:00,1
1503,Directed,의금부,이의산,1453-11-17 00:00:00,1
1504,Directed,권맹손,민심언,1453-10-18 00:00:00,1
1505,Directed,단종,김종서,1453-11-11 00:00:00,1
1506,Directed,최항,이계린,1453-11-25 00:00:00,1
1507,Directed,안지,단종,1453-11-17 00:00:00,1
1508,Directed,단종,김계희,1453-11-28 00:00:00,1
1509,Directed,의정부,민신,1453-11-18 00:00:00,1
1510,Directed,조숙생,박종우,1453-11-01 00:00:00,1
1511,Directed,사헌부,단종,1453-10-20 00:00:00,1
1512,Directed,황보인,세조,1453-11-25 00:00:00,1
1513,Directed,윤처공,윤경,1453-11-12 00:00:00,1
1514,Directed,단종,이우직,1453-11-13 00:00:00,2
1515,Directed,김구경,안평 대군,1453-10-05 00:00:00,1
1516,Directed,안초,황보인,1453-10-26 00:00:00,1
1517,Directed,김처의,김효성,1453-11-10 00:00:00,1
1518,Directed,사간원,주공,1453-11-15 00:00:00,1
1519,Directed,단종,유서,1453-11-15 00:00:00,1
1520,Directed,한확,도원간,1453-11-11 00:00:00,1
1521,Directed,나홍서,김종서,1453-10-31 00:00:00,1
1522,Directed,정양,주공,1453-11-12 00:00:00,2
1523,Directed,세조,안평 대군,1453-11-18 00:00:00,3
1524,Directed,강폭,권징,1453-10-20 00:00:00,1
1525,Directed,안평 대군,조순생,1453-11-17 00:00:00,1
1526,Directed,최항,신숙주,1453-11-16 00:00:00,1
1527,Directed,단종,지정,1453-11-11 00:00:00,1
1528,Directed,이예장,이승윤,1453-11-06 00:00:00,1
1529,Directed,세조,춘길,1453-11-14 00:00:00,1
1530,Directed,권준,단종,1453-11-12 00:00:00,3
1531,Directed,안평 대군,홍승,1453-11-07 00:00:00,1
1532,Directed,단종,박이령,1453-11-11 00:00:00,1
1533,Directed,의금부,이보인,1453-11-17 00:00:00,1
1534,Directed,황보인,정인지,1453-10-06 00:00:00,1
1535,Directed,권준,함우치,1453-11-13 00:00:00,1
1536,Directed,강미수,안완경,1453-11-11 00:00:00,1
1537,Directed,단종,권맹손,1453-11-18 00:00:00,1
1538,Directed,세조,김효산,1453-11-14 00:00:00,1
1539,Directed,안완경,안평 대군,1453-10-10 00:00:00,1
1540,Directed,이승로,이현로,1453-10-05 00:00:00,1
1541,Directed,단종,이몽가,1453-11-15 00:00:00,1
1542,Directed,황효원,김부필,1453-11-19 00:00:00,1
1543,Directed,한명회,유하,1453-10-30 00:00:00,1
1544,Directed,이예장,한확,1453-10-26 00:00:00,1
1545,Directed,의금부,윤광은,1453-11-17 00:00:00,1
1546,Directed,공기,성녕 부인,1453-11-19 00:00:00,1
1547,Directed,이계린,이계전,1453-11-25 00:00:00,1
1548,Directed,최효남,김길통,1453-11-11 00:00:00,1
1549,Directed,세조,박중손,1453-10-26 00:00:00,1
1550,Directed,안평 대군,세조,1453-11-10 00:00:00,2
1551,Directed,나치정,이우직,1453-11-10 00:00:00,1
1552,Directed,황보인,김종서,1453-11-25 00:00:00,4
1553,Directed,이의산,안평 대군,1453-10-10 00:00:00,2
1554,Directed,윤필상,강폭,1453-10-20 00:00:00,1
1555,Directed,세조,최항,1453-11-11 00:00:00,1
1556,Directed,이현로,조완규,1453-10-10 00:00:00,2
1557,Directed,나홍서,단종,1453-10-24 00:00:00,2
1558,Directed,민형,민심언,1453-10-18 00:00:00,1
1559,Directed,박중림,박건순,1453-11-11 00:00:00,1
1560,Directed,단종,권자신,1453-11-16 00:00:00,1
1561,Directed,단종,황효원,1453-11-19 00:00:00,1
1562,Directed,세조,김우두을개,1453-11-27 00:00:00,1
1563,Directed,권남,유하,1453-10-30 00:00:00,1
1564,Directed,이명민,세조,1453-10-06 00:00:00,1
1565,Directed,단종,한확,1453-11-17 00:00:00,3
1566,Directed,단종,정종,1453-11-19 00:00:00,1
1567,Directed,정양,이맹종,1453-11-11 00:00:00,1
1568,Directed,의정부,곽연성,1453-11-18 00:00:00,1
1569,Directed,이계린,박중손,1453-11-25 00:00:00,1
1570,Directed,황효원,정인지,1453-11-19 00:00:00,1
1571,Directed,김영원,임원준,1453-10-05 00:00:00,1
1572,Directed,민형,권맹손,1453-10-18 00:00:00,1
1573,Directed,의금부,유형,1453-11-17 00:00:00,1
1574,Directed,단종,원상부,1453-11-16 00:00:00,1
1575,Directed,이사철,성봉조,1453-11-25 00:00:00,1
1576,Directed,권자신,박중손,1453-11-11 00:00:00,1
1577,Directed,단종,최항,1453-11-16 00:00:00,1
1578,Directed,단종,의금부,1453-11-13 00:00:00,3
1579,Directed,김용,단종,1453-11-05 00:00:00,3
1580,Directed,단종,의금부,1453-11-28 00:00:00,1
1581,Directed,안중후,신돈,1453-11-05 00:00:00,1
1582,Directed,단종,김길통,1453-11-11 00:00:00,3
1583,Directed,박중손,이계전,1453-11-11 00:00:00,1
1584,Directed,의금부,김종서,1453-11-12 00:00:00,1
1585,Directed,단종,구치관,1453-11-11 00:00:00,1
1586,Directed,의정부,전균,1453-11-18 00:00:00,1
1587,Directed,허추,이징옥,1453-11-19 00:00:00,1
1588,Directed,한확,박중손,1453-11-25 00:00:00,1
1589,Directed,세조,이명민,1453-10-06 00:00:00,1
1590,Directed,정인지,한확,1453-11-14 00:00:00,5
1591,Directed,이승손,김신행,1453-11-11 00:00:00,1
1592,Directed,박호문,김종서,1453-10-14 00:00:00,1
1593,Directed,이개,황보인,1453-11-28 00:00:00,1
1594,Directed,단종,김계우,1453-11-11 00:00:00,1
1595,Directed,세조,단종,1453-11-26 00:00:00,1
1596,Directed,박중손,이사철,1453-11-27 00:00:00,1
1597,Directed,단종,이명검,1453-11-28 00:00:00,1
1598,Directed,노숙동,박중손,1453-10-02 00:00:00,1
1599,Directed,김종서,최윤덕,1453-10-25 00:00:00,1
1600,Directed,민심언,권맹손,1453-10-18 00:00:00,1
1601,Directed,정인지,이계린,1453-11-27 00:00:00,1
1602,Directed,성봉조,조완벽,1453-11-25 00:00:00,1
1603,Directed,최사기,안평 대군,1453-11-10 00:00:00,1
1604,Directed,세조,한명회,1453-11-10 00:00:00,7
1605,Directed,강폭,권제,1453-10-20 00:00:00,1
1606,Directed,세조,단종,1453-11-16 00:00:00,5
1607,Directed,이근전,이승손,1453-11-11 00:00:00,1
1608,Directed,한확,초왕,1453-11-17 00:00:00,1
1609,Directed,이징석,이징옥,1453-11-25 00:00:00,1
1610,Directed,강미수,정식,1453-11-17 00:00:00,1
1611,Directed,이개,정분,1453-11-28 00:00:00,1
1612,Directed,단종,강폭,1453-10-20 00:00:00,1
1613,Directed,정효전,단종,1453-11-12 00:00:00,1
1614,Directed,세조,박효충,1453-11-14 00:00:00,1
1615,Directed,황보인,이명민,1453-11-25 00:00:00,2
1616,Directed,단종,박건순,1453-11-27 00:00:00,1
1617,Directed,민심언,민충원,1453-10-18 00:00:00,1
1618,Directed,이계린,이징옥,1453-11-25 00:00:00,1
1619,Directed,신맹종,황보석,1453-11-25 00:00:00,1
1620,Directed,한명회,유서,1453-11-10 00:00:00,1
1621,Directed,유정현,최윤덕,1453-10-25 00:00:00,1
1622,Directed,권제,윤필상,1453-10-20 00:00:00,1
1623,Directed,신숙주,이사철,1453-11-25 00:00:00,1
1624,Directed,박평손,박호문,1453-11-25 00:00:00,1
1625,Directed,의금부,박하,1453-11-13 00:00:00,1
1626,Directed,권자신,신숙주,1453-11-16 00:00:00,1
1627,Directed,신자승,김계희,1453-10-14 00:00:00,1
1628,Directed,이승손,이근전,1453-11-11 00:00:00,1
1629,Directed,성봉조,남우량,1453-11-27 00:00:00,2
1630,Directed,박중손,단종,1453-10-25 00:00:00,2
1631,Directed,단종,이석정,1453-11-11 00:00:00,1
1632,Directed,신숙주,최항,1453-11-16 00:00:00,1
1633,Directed,안초,이사철,1453-11-03 00:00:00,2
1634,Directed,나홍서,단종,1453-10-17 00:00:00,1
1635,Directed,한확,도원군,1453-11-11 00:00:00,1
1636,Directed,단종,이효지,1453-11-11 00:00:00,1
1637,Directed,이징옥,이경유,1453-11-25 00:00:00,2
1638,Directed,김용,신돈,1453-11-18 00:00:00,2
1639,Directed,이계전,박중손,1453-11-27 00:00:00,2
1640,Directed,성삼문,권수,1453-11-17 00:00:00,1
1641,Directed,유성원,김종서,1453-11-25 00:00:00,1
1642,Directed,윤처공,안평 대군,1453-10-26 00:00:00,1
1643,Directed,권남,유서,1453-11-10 00:00:00,1
1644,Directed,이계전,세조,1453-11-27 00:00:00,2
1645,Directed,이명민,김종서,1453-11-10 00:00:00,1
1646,Directed,세조,한확,1453-11-27 00:00:00,2
1647,Directed,서조,민신,1453-11-10 00:00:00,2
1648,Directed,의금부,조번,1453-11-13 00:00:00,1
1649,Directed,정식,안평 대군,1453-11-12 00:00:00,2
1650,Directed,김종순,황보인,1453-11-27 00:00:00,1
1651,Directed,권제,단종,1453-10-20 00:00:00,1
1652,Directed,안초,이계전,1453-11-03 00:00:00,1
1653,Directed,의금부,안막동,1453-11-16 00:00:00,1
1654,Directed,의금부,황보인,1453-11-12 00:00:00,1
1655,Directed,박중손,권자신,1453-11-11 00:00:00,1
1656,Directed,박중손,이사철,1453-11-25 00:00:00,1
1657,Directed,단종,박중림,1453-11-11 00:00:00,2
1658,Directed,단종,정창손,1453-11-18 00:00:00,1
1659,Directed,이예장,문종,1453-10-26 00:00:00,1
1660,Directed,단종,김자갱,1453-11-11 00:00:00,1
1661,Directed,세조,박종우,1453-11-11 00:00:00,1
1662,Directed,나홍서,단종,1453-10-31 00:00:00,1
1663,Directed,신선경,안평 대군,1453-11-10 00:00:00,1
1664,Directed,최효남,정양,1453-11-11 00:00:00,1
1665,Directed,사관,단종,1453-10-31 00:00:00,1
1666,Directed,유서,세조,1453-11-10 00:00:00,1
1667,Directed,단종,황보인,1453-11-11 00:00:00,1
1668,Directed,박중손,세조,1453-11-27 00:00:00,2
1669,Directed,단종,곽연성,1453-11-15 00:00:00,1
1670,Directed,사관,황보인,1453-10-06 00:00:00,1
1671,Directed,이명겸,이징옥,1453-11-19 00:00:00,1
1672,Directed,임숙,김용,1453-11-05 00:00:00,1
1673,Directed,권준,이승손,1453-11-13 00:00:00,1
1674,Directed,이계린,정인지,1453-11-27 00:00:00,1
1675,Directed,단종,혜빈,1453-11-05 00:00:00,1
1676,Directed,황효원,단종,1453-11-25 00:00:00,7
1677,Directed,최사기,김연,1453-11-10 00:00:00,1
1678,Directed,김종서,김승규,1453-11-02 00:00:00,1
1679,Directed,성중식,성득식,1453-11-22 00:00:00,1
1680,Directed,박종우,허후,1453-11-11 00:00:00,1
1681,Directed,정영통,이의산,1453-10-05 00:00:00,1
1682,Directed,단종,이징옥,1453-11-28 00:00:00,5
1683,Directed,이징옥,정종,1453-11-25 00:00:00,1
1684,Directed,단종,승정원,1453-11-23 00:00:00,2
1685,Directed,단종,이귀,1453-10-17 00:00:00,1
1686,Directed,신의경,윤필상,1453-10-20 00:00:00,1
1687,Directed,단종,이사철,1453-11-18 00:00:00,1
1688,Directed,이계전,정인지,1453-11-27 00:00:00,1
1689,Directed,최윤,최자탑,1453-11-08 00:00:00,1
1690,Directed,승정원,세종,1453-10-16 00:00:00,1
1691,Directed,김용,안중후,1453-11-05 00:00:00,1
1692,Directed,한확,성봉조,1453-11-25 00:00:00,1
1693,Directed,이계전,단종,1453-11-18 00:00:00,2
1694,Directed,정인지,문종,1453-11-17 00:00:00,1
1695,Directed,승정원,영응 대군,1453-11-07 00:00:00,1
1696,Directed,노회신,정자제,1453-10-10 00:00:00,1
1697,Directed,단종,민건,1453-11-11 00:00:00,1
1698,Directed,임숙,김문현,1453-11-18 00:00:00,2
1699,Directed,권남,세조,1453-11-02 00:00:00,2
1700,Directed,단종,권준,1453-11-15 00:00:00,2
1701,Directed,최항,한확,1453-11-27 00:00:00,2
1702,Directed,권남,세조,1453-11-10 00:00:00,3
1703,Directed,김종서,단종,1453-11-25 00:00:00,1
1704,Directed,단종,김종서,1453-11-13 00:00:00,1
1705,Directed,안평 대군,성녕 부인,1453-11-25 00:00:00,1
1706,Directed,김영원,정영통,1453-10-05 00:00:00,1
1707,Directed,허후,황보인,1453-11-13 00:00:00,1
1708,Directed,박원형,최항,1453-11-16 00:00:00,2
1709,Directed,안초,이승손,1453-11-03 00:00:00,1
1710,Directed,이언,단종,1453-11-27 00:00:00,4
1711,Directed,박종우,임중경,1453-10-30 00:00:00,1
1712,Directed,세조,전균,1453-11-10 00:00:00,1
1713,Directed,단종,조석강,1453-11-11 00:00:00,1
1714,Directed,유수,홍달손,1453-10-30 00:00:00,1
1715,Directed,임원준,정영통,1453-10-05 00:00:00,1
1716,Directed,의정부,황보인,1453-11-18 00:00:00,1
1717,Directed,박건순,이언,1453-11-27 00:00:00,1
1718,Directed,안평 대군,조완규,1453-11-17 00:00:00,1
1719,Directed,권남,이계전,1453-11-10 00:00:00,1
1720,Directed,김승규,안평 대군,1453-11-25 00:00:00,1
1721,Directed,조번,이의산,1453-10-05 00:00:00,1
1722,Directed,안평 대군,이우직,1453-11-10 00:00:00,1
1723,Directed,조완규,김영원,1453-10-05 00:00:00,1
1724,Directed,사간원,주공,1453-11-17 00:00:00,2
1725,Directed,정양,이방간,1453-11-12 00:00:00,2
1726,Directed,세조,박중손,1453-11-27 00:00:00,2
1727,Directed,의금부,원구,1453-11-13 00:00:00,1
1728,Directed,김연,김종서,1453-11-25 00:00:00,1
1729,Directed,단종,세조,1453-11-11 00:00:00,9
1730,Directed,나홍서,황보인,1453-10-31 00:00:00,1
1731,Directed,단종,안평 대군,1453-11-16 00:00:00,7
1732,Directed,단종,정인지,1453-11-11 00:00:00,3
1733,Directed,의정부,신숙주,1453-11-18 00:00:00,1
1734,Directed,한확,이방간,1453-11-17 00:00:00,1
1735,Directed,강폭,정윤화,1453-10-20 00:00:00,1
1736,Directed,단종,최항,1453-11-18 00:00:00,2
1737,Directed,세조,한확,1453-11-11 00:00:00,3
1738,Directed,단종,성봉조,1453-11-28 00:00:00,2
1739,Directed,정양,안완경,1453-11-11 00:00:00,1
1740,Directed,지화,이우직,1453-11-25 00:00:00,1
1741,Directed,이계전,최항,1453-11-10 00:00:00,1
1742,Directed,조극관,조수량,1453-11-10 00:00:00,1
1743,Directed,권제,신자교,1453-10-20 00:00:00,1
1744,Directed,김용,김문현,1453-11-05 00:00:00,1
1745,Directed,황효원,단종,1453-11-24 00:00:00,6
1746,Directed,단종,이세문,1453-11-13 00:00:00,2
1747,Directed,한확,정인지,1453-11-18 00:00:00,1
1748,Directed,단종,김득례,1453-11-26 00:00:00,1
1749,Directed,의정부,유서,1453-11-18 00:00:00,1
1750,Directed,단종,홍달손,1453-11-11 00:00:00,1
1751,Directed,한확,이계전,1453-11-27 00:00:00,1
1752,Directed,윤경,윤처공,1453-11-12 00:00:00,1
1753,Directed,박비,안평 대군,1453-11-25 00:00:00,1
1754,Directed,김종순,이언,1453-11-27 00:00:00,1
1755,Directed,이징옥,정종,1453-11-27 00:00:00,1
1756,Directed,조정서,박하,1453-10-27 00:00:00,1
1757,Directed,양정,권남,1453-10-30 00:00:00,1
1758,Directed,이계린,박중손,1453-11-27 00:00:00,1
1759,Directed,세조,최로,1453-11-14 00:00:00,1
1760,Directed,이승윤,함우치,1453-11-05 00:00:00,1
1761,Directed,세조,강통,1453-11-14 00:00:00,1
1762,Directed,나홍서,허후,1453-10-31 00:00:00,1
1763,Directed,정인지,박중손,1453-11-27 00:00:00,1
1764,Directed,단종,안평 대군,1453-11-12 00:00:00,1
1765,Directed,최항,한확,1453-11-14 00:00:00,1
1766,Directed,황보인,홍원숙,1453-11-12 00:00:00,1
1767,Directed,단종,공기,1453-11-19 00:00:00,2
1768,Directed,의정부,유하,1453-11-18 00:00:00,1
1769,Directed,단종,이계전,1453-11-15 00:00:00,2
1770,Directed,세조,망실,1453-11-14 00:00:00,1
1771,Directed,허후,김종서,1453-11-13 00:00:00,1
1772,Directed,이계전,단종,1453-11-16 00:00:00,2
1773,Directed,권남,유수,1453-10-26 00:00:00,1
1774,Directed,박건순,김종순,1453-11-27 00:00:00,2
1775,Directed,홍달손,유하,1453-10-26 00:00:00,1
1776,Directed,단종,김개,1453-10-14 00:00:00,1
1777,Directed,정양,정식,1453-11-11 00:00:00,1
1778,Directed,사헌부,이흥덕,1453-10-21 00:00:00,1
1779,Directed,이의산,강희안,1453-10-10 00:00:00,1
1780,Directed,사헌부,윤필상,1453-10-20 00:00:00,1
1781,Directed,단종,안경손,1453-11-15 00:00:00,1
1782,Directed,한명회,한명진,1453-11-10 00:00:00,1
1783,Directed,윤필상,권징,1453-10-20 00:00:00,1
1784,Directed,이의산,안평 대군,1453-10-05 00:00:00,2
1785,Directed,단종,한확,1453-11-18 00:00:00,7
1786,Directed,김길통,조수량,1453-11-11 00:00:00,1
1787,Directed,정창손,단종,1453-11-18 00:00:00,1
1788,Directed,의정부,이양,1453-11-18 00:00:00,1
1789,Directed,권징,윤필상,1453-10-20 00:00:00,1
1790,Directed,박중손,단종,1453-10-31 00:00:00,4
1791,Directed,윤봉,세조,1453-10-22 00:00:00,1
1792,Directed,허추,김문기,1453-11-19 00:00:00,1
1793,Directed,안초,단종,1453-11-03 00:00:00,2
1794,Directed,함귀,이양,1453-11-10 00:00:00,1
1795,Directed,황보인,이양,1453-11-25 00:00:00,1
1796,Directed,단종,김말,1453-11-15 00:00:00,1
1797,Directed,황보인,윤삼산,1453-10-14 00:00:00,1
1798,Directed,박제함,이명민,1453-11-10 00:00:00,1
1799,Directed,홍약,홍승,1453-11-07 00:00:00,1
1800,Directed,이징옥,이선문,1453-11-25 00:00:00,4
1801,Directed,강미수,정분,1453-11-11 00:00:00,1
1802,Directed,단종,정식,1453-11-11 00:00:00,3
1803,Directed,황보석,황보인,1453-11-02 00:00:00,1
1804,Directed,정인지,최항,1453-11-14 00:00:00,1
1805,Directed,의정부,한확,1453-11-18 00:00:00,1
1806,Directed,단종,유강,1453-11-02 00:00:00,1
1807,Directed,세조,이현로,1453-11-25 00:00:00,2
1808,Directed,민건,민형,1453-10-30 00:00:00,1
1809,Directed,안평 대군,김종서,1453-11-25 00:00:00,4
1810,Directed,정인지,세조,1453-11-18 00:00:00,3
1811,Directed,정인지,상,1453-11-17 00:00:00,1
1812,Directed,단종,이승윤,1453-11-07 00:00:00,3
1813,Directed,권제,권징,1453-10-20 00:00:00,1
1814,Directed,김영전,이승윤,1453-10-05 00:00:00,1
1815,Directed,임숙,김부필,1453-11-18 00:00:00,1
1816,Directed,단종,변상복,1453-11-26 00:00:00,1
1817,Directed,정인지,지,1453-11-17 00:00:00,1
1818,Directed,윤필상,신의경,1453-10-20 00:00:00,1
1819,Directed,최항,단종,1453-11-18 00:00:00,2
1820,Directed,태종,최윤덕,1453-10-25 00:00:00,1
1821,Directed,안평 대군,안완경,1453-11-25 00:00:00,1
1822,Directed,임원준,이승윤,1453-10-05 00:00:00,1
1823,Directed,세조,김권로,1453-11-27 00:00:00,1
1824,Directed,단종,유서,1453-11-16 00:00:00,2
1825,Directed,단종,의금부,1453-11-16 00:00:00,5
1826,Directed,신의경,단종,1453-10-20 00:00:00,1
1827,Directed,세조,허후,1453-11-13 00:00:00,6
1828,Directed,한확,세조,1453-11-11 00:00:00,2
1829,Directed,단종,황보인,1453-11-03 00:00:00,1
1830,Directed,박종우,정인지,1453-11-11 00:00:00,1
1831,Directed,노회신,강희안,1453-10-10 00:00:00,1
1832,Directed,안평 대군,조번,1453-11-25 00:00:00,1
1833,Directed,유수,한명회,1453-10-30 00:00:00,1
1834,Directed,단종,세조,1453-11-16 00:00:00,1
1835,Directed,성봉조,최분,1453-11-27 00:00:00,1
1836,Directed,권자신,단종,1453-11-16 00:00:00,1
1837,Directed,세조,권언,1453-11-10 00:00:00,1
1838,Directed,세조,곽연성,1453-11-10 00:00:00,1
1839,Directed,김계우,이세문,1453-11-20 00:00:00,1
1840,Directed,사관,황보인,1453-10-31 00:00:00,3
1841,Directed,박중손,세조,1453-11-11 00:00:00,1
1842,Directed,단종,황효원,1453-11-21 00:00:00,2
1843,Directed,세조,유서,1453-11-10 00:00:00,1
1844,Directed,정인지,이계전,1453-11-27 00:00:00,1
1845,Directed,단종,안완경,1453-11-13 00:00:00,2
1846,Directed,안중후,단종,1453-11-05 00:00:00,3
1847,Directed,정척,박팽년,1453-10-05 00:00:00,1
1848,Directed,단종,이흥상,1453-11-15 00:00:00,3
1849,Directed,의정부,봉석주,1453-11-18 00:00:00,1
1850,Directed,이계전,이징옥,1453-11-25 00:00:00,1
1851,Directed,박팽년,단종,1453-11-18 00:00:00,1
1852,Directed,유수,양정,1453-10-30 00:00:00,1
1853,Directed,황효원,단종,1453-11-21 00:00:00,5
1854,Directed,이현로,임원준,1453-10-05 00:00:00,1
1855,Directed,이예장,단종,1453-10-23 00:00:00,1
1856,Directed,김영전,조완규,1453-10-05 00:00:00,1
1857,Directed,단종,권경,1453-11-15 00:00:00,1
1858,Directed,황보인,김종서,1453-10-26 00:00:00,2
1859,Directed,세조,불련,1453-11-14 00:00:00,1
1860,Directed,박팽년,단종,1453-11-16 00:00:00,1
1861,Directed,홍달손,권남,1453-10-30 00:00:00,1
1862,Directed,김계우,단종,1453-11-20 00:00:00,1
1863,Directed,정양,단종,1453-11-12 00:00:00,7
1864,Directed,노회신,이현로,1453-10-10 00:00:00,1
1865,Directed,세조,민신,1453-11-27 00:00:00,1
1866,Directed,박원형,이계전,1453-11-11 00:00:00,1
1867,Directed,임원준,안평 대군,1453-10-05 00:00:00,2
1868,Directed,의정부,권남,1453-11-18 00:00:00,1
1869,Directed,정양,조수량,1453-11-11 00:00:00,1
1870,Directed,단종,송처검,1453-11-11 00:00:00,1
1871,Directed,권자신,박팽년,1453-11-11 00:00:00,1
1872,Directed,이의산,임원준,1453-10-05 00:00:00,1
1873,Directed,민충원,권맹손,1453-10-18 00:00:00,1
1874,Directed,황보인,김종서,1453-10-14 00:00:00,1
1875,Directed,세조,을봉,1453-11-14 00:00:00,1
1876,Directed,한확,정인지,1453-11-25 00:00:00,2
1877,Directed,의정부,이사철,1453-11-18 00:00:00,1
1878,Directed,사헌부,신자교,1453-10-20 00:00:00,1
1879,Directed,의금부,단종,1453-11-13 00:00:00,5
1880,Directed,조순생,안평 대군,1453-11-17 00:00:00,1
1881,Directed,단종,김문기,1453-10-14 00:00:00,1
1882,Directed,권남,홍달손,1453-10-30 00:00:00,1
1883,Directed,이징석,이징옥,1453-11-27 00:00:00,1
1884,Directed,이의산,이승윤,1453-10-05 00:00:00,1
1885,Directed,이명민,이의정,1453-11-28 00:00:00,1
1886,Directed,단종,하위지,1453-11-16 00:00:00,2
1887,Directed,단종,설계조,1453-11-15 00:00:00,1
1888,Directed,김종순,단종,1453-10-30 00:00:00,3
1889,Directed,홍옥봉,홍약,1453-11-07 00:00:00,1
1890,Directed,박종우,한확,1453-11-11 00:00:00,1
1891,Directed,이승로,이의산,1453-10-05 00:00:00,1
1892,Directed,세조,구지,1453-11-14 00:00:00,1
1893,Directed,단종,엉양,1453-11-03 00:00:00,1
1894,Directed,의정부,양정,1453-11-18 00:00:00,1
1895,Directed,단종,신자수,1453-10-14 00:00:00,1
1896,Directed,사간원,단종,1453-11-17 00:00:00,3
1897,Directed,김길통,정양,1453-11-11 00:00:00,1
1898,Directed,권준,단종,1453-11-13 00:00:00,4
1899,Directed,황효원,최양선,1453-11-24 00:00:00,1
1900,Directed,의정부,김종서,1453-11-18 00:00:00,1
1901,Directed,황효원,안평 대군,1453-11-27 00:00:00,2
1902,Directed,황효원,각돈,1453-11-27 00:00:00,1
1903,Directed,세조,허후,1453-11-27 00:00:00,1
1904,Directed,권자신,박원형,1453-11-11 00:00:00,1
1905,Directed,세조,안완경,1453-11-27 00:00:00,1
1906,Directed,정인지,세조,1453-11-17 00:00:00,2
1907,Directed,세조,최사기,1453-11-10 00:00:00,1
1908,Directed,의정부,영해군,1453-10-07 00:00:00,1
1909,Directed,최항,이징옥,1453-11-25 00:00:00,1
1910,Directed,이사철,정인지,1453-11-25 00:00:00,1
1911,Directed,세조,이경유,1453-11-10 00:00:00,1
1912,Directed,이징옥,이징규,1453-11-28 00:00:00,1
1913,Directed,김정,김구경,1453-10-05 00:00:00,1
1914,Directed,권자신,단종,1453-11-18 00:00:00,1
1915,Directed,김종서,안평 대군,1453-11-10 00:00:00,2
1916,Directed,세조,한숭,1453-10-26 00:00:00,1
1917,Directed,김계희,단종,1453-11-11 00:00:00,1
1918,Directed,세조,단종,1453-11-28 00:00:00,17
1919,Directed,단종,의정부,1453-11-12 00:00:00,30
1920,Directed,유수,유하,1453-10-30 00:00:00,1
1921,Directed,권남,한명회,1453-11-10 00:00:00,1
1922,Directed,최항,박중손,1453-11-27 00:00:00,2
1923,Directed,단종,이사철,1453-11-15 00:00:00,5
1924,Directed,권준,황귀존,1453-11-13 00:00:00,1
1925,Directed,세조,홍순로,1453-11-10 00:00:00,1
1926,Directed,세조,홍달손,1453-11-10 00:00:00,3
1927,Directed,안평 대군,김종서,1453-11-10 00:00:00,2
1928,Directed,단종,성삼문,1453-11-18 00:00:00,3
1929,Directed,유수,유하,1453-10-26 00:00:00,1
1930,Directed,단종,신숙주,1453-11-16 00:00:00,2
1931,Directed,정인지,세조,1453-11-16 00:00:00,1
1932,Directed,박팽년,최항,1453-11-11 00:00:00,1
1933,Directed,단종,신숙주,1453-11-18 00:00:00,2
1934,Directed,이예장,김종서,1453-10-26 00:00:00,1
1935,Directed,의금부,김승벽,1453-11-12 00:00:00,1
1936,Directed,안초,이변,1453-11-03 00:00:00,1
1937,Directed,의금부,이우직,1453-11-13 00:00:00,1
1938,Directed,성봉조,단종,1453-11-25 00:00:00,1
1939,Directed,김문현,김사청,1453-11-05 00:00:00,1
1940,Directed,단종,박중손,1453-10-25 00:00:00,1
1941,Directed,김문기,이번,1453-11-12 00:00:00,2
1942,Directed,신숙주,단종,1453-11-18 00:00:00,1
1943,Directed,황효원,단종,1453-11-19 00:00:00,9
1944,Directed,단종,이현로,1453-11-13 00:00:00,1
1945,Directed,정식,단종,1453-11-13 00:00:00,2
1946,Directed,세조,이계전,1453-11-27 00:00:00,2
1947,Directed,박중손,노숙동,1453-10-02 00:00:00,1
1948,Directed,이명민,안평 대군,1453-10-06 00:00:00,1
1949,Directed,의금부,한혜,1453-11-28 00:00:00,1
1950,Directed,승정원,최치원,1453-10-26 00:00:00,1
1951,Directed,단종,강미수,1453-11-11 00:00:00,3
1952,Directed,성득식,성중식,1453-11-22 00:00:00,1
1953,Directed,공기,단종,1453-11-19 00:00:00,3
1954,Directed,의정부,김귀흥,1453-10-28 00:00:00,1
1955,Directed,박중림,김계희,1453-11-11 00:00:00,1
1956,Directed,성삼문,안평 대군,1453-11-17 00:00:00,1
1957,Directed,신숙주,권자신,1453-11-16 00:00:00,1
1958,Directed,권남,권언,1453-11-10 00:00:00,3
1959,Directed,정효전,안평 대군,1453-11-10 00:00:00,1
1960,Directed,이개,안평 대군,1453-11-28 00:00:00,1
1961,Directed,의정부,정인지,1453-11-18 00:00:00,1
1962,Directed,단종,윤광은,1453-11-13 00:00:00,1
1963,Directed,박팽년,최항,1453-11-16 00:00:00,2
1964,Directed,단종,신숙주,1453-11-11 00:00:00,1
1965,Directed,의금부,대정,1453-11-13 00:00:00,1
1966,Directed,강미수,안평 대군,1453-11-11 00:00:00,1
1967,Directed,박팽년,박중손,1453-11-11 00:00:00,1
1968,Directed,남지,남윤,1453-11-02 00:00:00,1
1969,Directed,김계희,이세문,1453-11-11 00:00:00,1
1970,Directed,김종순,성녕 부인,1453-11-18 00:00:00,1
1971,Directed,의정부,임중경,1453-10-28 00:00:00,1
1972,Directed,임숙,단종,1453-11-05 00:00:00,1
1973,Directed,단종,이승윤,1453-10-22 00:00:00,1
1974,Directed,단종,한명회,1453-11-15 00:00:00,1
1975,Directed,단종,홍귀동,1453-11-19 00:00:00,1
1976,Directed,박팽년,김황,1453-10-05 00:00:00,1
1977,Directed,이현로,정분,1453-11-10 00:00:00,1
1978,Directed,최항,세조,1453-11-14 00:00:00,2
1979,Directed,세조,조수량,1453-11-10 00:00:00,1
1980,Directed,이사철,신숙주,1453-11-25 00:00:00,1
1981,Directed,안평 대군,홍적,1453-11-07 00:00:00,1
1982,Directed,정인지,세조,1453-11-14 00:00:00,1
1983,Directed,안초,민건,1453-11-03 00:00:00,1
1984,Directed,허후,김종서,1453-11-25 00:00:00,2
1985,Directed,의금부,조순생,1453-11-17 00:00:00,1
1986,Directed,의정부,이우직,1453-11-16 00:00:00,1
1987,Directed,단종,성삼문,1453-11-17 00:00:00,3
1988,Directed,안평 대군,박비,1453-11-25 00:00:00,1
1989,Directed,김계우,김문기,1453-11-24 00:00:00,2
1990,Directed,의금부,단종,1453-11-21 00:00:00,5
1991,Directed,의금부,이우직,1453-11-21 00:00:00,1
1992,Directed,정자제,이몽가,1453-10-10 00:00:00,1
1993,Directed,세조,김산,1453-11-14 00:00:00,1
1994,Directed,정효전,세조,1453-11-12 00:00:00,1
1995,Directed,단종,권준,1453-11-18 00:00:00,3
1996,Directed,조극관,세종,1453-11-10 00:00:00,1
1997,Directed,의금부,권은,1453-11-12 00:00:00,1
1998,Directed,민신,안평 대군,1453-11-10 00:00:00,3
1999,Directed,이현로,박하,1453-10-05 00:00:00,1
2000,Directed,단종,이석정,1453-11-13 00:00:00,2
2001,Directed,정인지,단종,1453-11-17 00:00:00,15
2002,Directed,김종순,박건순,1453-11-11 00:00:00,1
2003,Directed,세조,조극관,1453-11-10 00:00:00,2
2004,Directed,박하,정영통,1453-10-05 00:00:00,1
2005,Directed,김효성,김처의,1453-11-10 00:00:00,1
2006,Directed,단종,유하,1453-11-15 00:00:00,1
2007,Directed,조숙생,민충원,1453-11-01 00:00:00,1
2008,Directed,신의경,권징,1453-10-20 00:00:00,1
2009,Directed,정인지,단종,1453-11-11 00:00:00,1
2010,Directed,박중손,신개,1453-11-02 00:00:00,1
2011,Directed,의금부,윤처공,1453-11-12 00:00:00,1
2012,Directed,김종서,하위지,1453-11-25 00:00:00,1
2013,Directed,단종,나홍서,1453-11-14 00:00:00,1
2014,Directed,나홍서,단종,1453-11-22 00:00:00,5
2015,Directed,단종,박종우,1453-11-15 00:00:00,5
2016,Directed,함우치,세조,1453-11-10 00:00:00,1
2017,Directed,이현로,김영전,1453-10-05 00:00:00,1
2018,Directed,나홍서,성득식,1453-11-19 00:00:00,1
2019,Directed,이언,김종서,1453-11-27 00:00:00,1
2020,Directed,세조,지화,1453-11-14 00:00:00,2
2021,Directed,최효남,정식,1453-11-11 00:00:00,1
2022,Directed,박하,임원준,1453-10-05 00:00:00,1
2023,Directed,단종,조서안,1453-10-10 00:00:00,1
2024,Directed,의금부,이차효산,1453-11-17 00:00:00,1
2025,Directed,조완규,임원준,1453-10-05 00:00:00,1
2026,Directed,김영원,이승윤,1453-10-05 00:00:00,1
2027,Directed,세조,허후,1453-11-10 00:00:00,1
2028,Directed,이계전,세조,1453-11-16 00:00:00,1
2029,Directed,이계린,이사철,1453-11-27 00:00:00,1
2030,Directed,정창손,주,1453-10-09 00:00:00,1
2031,Directed,단종,권남,1453-11-15 00:00:00,1
2032,Directed,정인지,이계린,1453-11-25 00:00:00,1
2033,Directed,이사철,세조,1453-11-27 00:00:00,2
2034,Directed,단종,세조,1453-11-28 00:00:00,11
2035,Directed,단종,공기,1453-11-11 00:00:00,1
2036,Directed,세조,한확,1453-11-10 00:00:00,1
2037,Directed,한확,이사철,1453-11-14 00:00:00,3
2038,Directed,단종,최윤,1453-11-08 00:00:00,1
2039,Directed,사헌부,권징,1453-10-20 00:00:00,1
2040,Directed,단종,정분,1453-11-11 00:00:00,1
2041,Directed,의금부,정분,1453-11-17 00:00:00,1
2042,Directed,이명민,민신,1453-10-06 00:00:00,1
2043,Directed,공기,권수,1453-11-19 00:00:00,1
2044,Directed,김종순,안평 대군,1453-11-11 00:00:00,1
2045,Directed,김용,김문현,1453-11-18 00:00:00,2
2046,Directed,성봉조,남우량,1453-11-25 00:00:00,1
2047,Directed,의금부,박금,1453-11-16 00:00:00,1
2048,Directed,이승윤,이영유,1453-10-30 00:00:00,1
2049,Directed,단종,권언,1453-11-15 00:00:00,1
2050,Directed,세조,안막동,1453-11-14 00:00:00,1
2051,Directed,조정서,단종,1453-10-27 00:00:00,1
2052,Directed,단종,한확,1453-11-15 00:00:00,7
2053,Directed,강폭,단종,1453-10-20 00:00:00,1
2054,Directed,승정원,단종,1453-11-07 00:00:00,4
2055,Directed,한명회,유수,1453-10-30 00:00:00,1
2056,Directed,이예장,황보인,1453-10-26 00:00:00,1
2057,Directed,권남,양정,1453-10-30 00:00:00,1
2058,Directed,박종우,세조,1453-11-16 00:00:00,1
2059,Directed,한명회,한서구,1453-11-10 00:00:00,1
2060,Directed,정인지,한확,1453-11-18 00:00:00,1
2061,Directed,신숙주,단종,1453-11-16 00:00:00,1
2062,Directed,이계전,기건,1453-11-25 00:00:00,1
2063,Directed,박중림,세종,1453-10-14 00:00:00,1
2064,Directed,박중림,단종,1453-10-14 00:00:00,1
2065,Directed,단종,이차효산,1453-11-13 00:00:00,1
2066,Directed,정효전,정효손,1453-11-20 00:00:00,1
2067,Directed,단종,정종,1453-11-28 00:00:00,3
2068,Directed,이예장,정분,1453-11-13 00:00:00,1
2069,Directed,단종,황보석,1453-11-02 00:00:00,1
2070,Directed,신개,신자준,1453-11-02 00:00:00,1
2071,Directed,한확,주공,1453-11-17 00:00:00,1
796,Directed,권남,계수,1453-10-26 00:00:00,1
